Resource title,Resource Description,Resource URL,Internal/External,Category,Sub Category
Ontario Caregiving Helpline,"Browse this one-stop resource for information and support, including a 24/7 helpline. Call 1-833-416-2273 or connect to [live chat](https://ontariocaregiver.ca) online.",https://ontariocaregiver.ca/for-caregivers/,External,Caregiving,Support for caregivers
Home and community care,Learn how to get help for your family members or patients who need support living at home.,https://www.ontario.ca/page/home-community-care,Internal,Caregiving,Support for caregivers
Respite care,"Get help to take a break from caregiving. In your absence, a personal care worker or health care professional 
can provide services through OHIP.",https://www.ontario.ca/page/respite-care,Internal,Caregiving,Support for caregivers
Disability Tax Credit,Get a tax credit if you are supporting family members with severe or prolonged impairments.,https://www.canada.ca/en/revenue-agency/services/tax/individuals/segments/tax-credits-deductions-persons-disabilities/disability-tax-credit.html,External,Caregiving,Tax credits
Medical Expense Tax Credit,"Get a tax credit if you are supporting family members and paid for medical supplies, dental care, or travel expenses.",https://www.canada.ca/en/revenue-agency/services/tax/individuals/topics/about-your-tax-return/tax-return/completing-a-tax-return/deductions-credits-expenses/lines-33099-33199-eligible-medical-expenses-you-claim-on-your-tax-return.html,External,Caregiving,Tax credits
Canada Caregiver Credit,"Get a non-refundable tax credit if you support a spouse or common-law partner, or a dependent with a physical 
or mental impairment.",https://www.canada.ca/en/revenue-agency/services/tax/individuals/topics/about-your-tax-return/tax-return/completing-a-tax-return/deductions-credits-expenses/canada-caregiver-amount.html,External,Caregiving,Tax credits
Ontario Seniors Care at Home Tax Credit,"Get a tax credit if you help low-to moderate-income seniors with eligible medical expenses, such as 
hearing aids, hospital beds and attendant care.",https://www.ontario.ca/page/ontario-seniors-care-home-tax-credit,Internal,Caregiving,Tax credits
Caregiving benefits,"If you must be away from your job to provide care or support to a seriously ill or injured family member with a significant risk of death, you might be entitled to this benefit. 

Family leaves

Get unpaid, job-protected leave so you can provide care or support to eligible family members or others.
  - [Family caregiver leave](https://www.ontario.ca/document/your-guide-employment-standards-act-0/family-caregiver-leave)
  - [Family medical leave](https://www.ontario.ca/document/your-guide-employment-standards-act-0/family-medical-leave)

Other taxes and benefits        
       
Find tax credits, incentives and benefits that will help you with caring for others:                                        
  - [Canadian taxes and benefits](https://www.canada.ca/en/revenue-agency/services/tax/individuals/segments/tax-credits-deductions-persons-disabilities.html)
  - [Ontario taxes and benefits](https://www.ontario.ca/page/taxes-and-benefits)                                                                                                                                                                                       ",https://www.canada.ca/en/services/benefits/ei/caregiving.html,External,Caregiving,Employment benefits
What to do when someone dies,"Find answers to common questions about what to do, and what support is available, when a loved one dies in Ontario. ",https://www.ontario.ca/page/what-do-when-someone-dies,Internal,Caregiving,End of life decisions
Funerals and arrangements,"Learn about planning a funeral, burial, cremation or scattering, and what to do if you discover a burial site. ",https://www.ontario.ca/page/consumer-protection-when-planning-funeral-burial-cremation-or-scattering,Internal,Caregiving,End of life decisions
Last Post Fund,"Find out how eligible veterans can get funding for a dignified funeral and burial, and a military gravestone. ",https://www.lastpostfund.ca/,External,Caregiving,End of life decisions
"Bereavement Authority of 
Ontario","Know your options, rights and learn about funerals, burials, cremations and hydrolysis. ",https://thebao.ca/,External,Caregiving,End of life decisions
Bereaved Families of Ontario,"Find free individual and group grieving support programs, in both an open and closed setting if someone has died. ",https://thebao.ca/for-consumers/consumer-information-guide/,External,Caregiving,End of life decisions
Death outside Canada,"Find out what to do if a person dies in another country. 

Wills and estates",https://travel.gc.ca/assistance/emergency-info/death-abroad,External,Caregiving,End of life decisions
"Oversee the deceased's 
finances","If you are the executor of a deceased person’s estate, you must do the following on their behalf: 
  - notify the CRA of the date of death 
  - file an income tax form on their behalf  
  - contact their pensions and benefits 
  - inform the banks and financial institutions of the death 
  - cancel their government ID and permits 
  - notify their clubs, organizations, services and professional associations ",https://www.canada.ca/en/revenue-agency/services/tax/individuals/life-events/doing-taxes-someone-died.html,External,Caregiving,End of life decisions
Administrating estates,"Learn how someone’s assets and liabilities are handled after they die, including what happens if a person dies with or without a will. ",https://www.ontario.ca/page/administering-estates,Internal,Caregiving,End of life decisions
Ontario death certificate,"When someone dies in Ontario, order and use this certificate to settle an estate, access benefits or cancel certain government services. 

Government cards and registries

If you are the executor of a deceased person’s estate, contact the government agencies that apply to the deceased person: 
  - [Ontario government ID and permits](https://www.ontario.ca/locations/serviceontario)
  - [Social Insurance Number](https://www.canada.ca/en/employment-social-development/corporate/contact/sin.html)
  - [Canadian and Foreign Passports](https://www.canada.ca/en/immigration-refugees-citizenship/services/canadian-passports/help-centre.html)
  - [Citizenships and Permanent Resident Cards](https://ircc.canada.ca/english/helpcentre/index-featured-can.asp)
  - [Indian Status](https://www.sac-isc.gc.ca/eng/1291132820288/1603310905799)
  - [Firearms Licenses](https://www.rcmp-grc.gc.ca/on/cont/index-eng.htm)",https://www.ontario.ca/page/how-get-copy-ontario-death-certificate-online,Internal,Caregiving,End of life decisions
Home and Community Care Support Services,"Find a local service provider to arrange transportation services for when you need help and/or if other options are not 
available. ",https://www.healthcareathome.ca/find-my-hccss/,External,Driving and transportation,Transportation services
North Travel Health Grant,Get money to help cover your costs if you live in Northern Ontario and must travel long distances to access medical specialist services. ,Northern Health Travel Grants - Ontario Health Insurance (OHIP) - Publications - Public Information - MOH (gov.on.ca),External,Driving and transportation,Transportation services
GO Transit discount,Get a discount on your train or bus ride if you are 65 years or older. ,https://www.gotransit.com/en/travelling-on-go/seniors,External,Driving and transportation,Transportation services
Volunteer Driver Services,"Find volunteer driver services that may be available in your area through:  

  - the [Canadian Red Cross](https://www.redcross.ca/in-your-community/ontario/ontario-find-a-branch)
  - your [Royal Canadian Legion branch](https://www.legion.ca/contact-us/find-a-branch)
  - a [Seniors Active Living Centre program](https://www.ontario.ca/page/find-seniors-active-living-centre-program-near-you)",,External,Driving and transportation,Transportation services
211 Ontario,"Search in your area for: 

  - public transportation 
  - bus and specialized transit services  
  - organizations that provide transportation services",https://211ontario.ca/?_gl=1%2A1rsprgh%2A_ga%2ANDc1MjE5OTMxLjE2MDgzMjUzMTY.%2A_ga_HLLEK4SB6V%2AMTY3MzU1MDMxOS41LjEuMTY3MzU1MTYwNy4wLjAuMA..,External,Driving and transportation,Transportation services
Driver's License renewal,"If you are under 80, you need to renew your driver’s licence every 5 years. Learn how to renew. ",https://www.ontario.ca/page/renew-drivers-licence,Internal,Driving and transportation,Driver's license renewal
"Driver's licence renewal: 
80 years and over ","After you turn 80, you need to renew your driver’s licence every 2 years. Learn how to renew. ",https://www.ontario.ca/page/renew-g-drivers-licence-80-years-and-over,Internal,Driving and transportation,Driver's license renewal
DriveTest Centres,"Search for a centre near you and book your vision, written and road tests for all licence types.  ",https://drivetest.ca/,External,Driving and transportation,Driver's license renewal
"ServiceOntario digital 
reminders ","Get free reminders to renew your driver’s licence, licence plate, 
health card, or Ontario Photo Card. Service available for email, text message or phone call. ",https://www.ontario.ca/page/get-serviceontario-renewal-reminders,Internal,Driving and transportation,Driver's license renewal
Accessible parking permit,"Learn how to apply for a new accessible parking permit, get a traveller’s permit, get a permit for your company, replace a lost or stolen permit, or change information on your permit. ",https://www.ontario.ca/page/get-accessible-parking-permit,Internal,Driving and transportation,Vehicle permit and plates
Veteran license plate,Learn about the veteran graphic on licence plates and get the form to apply for one. ,https://www.ontario.ca/page/personalized-licence-plate#section-5,Internal,Driving and transportation,Vehicle permit and plates
"Used vehicle information 
package (UVIP)","Learn how to order a UVIP that contains a description of a vehicle and its Ontario history. If you are the seller, you are legally required to provide this package to a buyer when you sell a pre-owned vehicle. ",https://www.ontario.ca/page/used-vehicle-information-package,Internal,Driving and transportation,Buying or selling vehicles
"Canada Safety Council: 
55 Alive Driver Refresher Course ","For older drivers, take this driving course to help you address age-related driving challenges, review driving rules and learn
common causes of collisions. ",https://canadasafetycouncil.org/product/55-alive-driver-refresher-course/,External,Driving and transportation,Mature driver education
"Canadian Automobile 
Association (CAA): 
Senior Drivers Toolkit  ","Read through the toolkit designed for seniors and their loved ones. It helps you assess fitness to drive, maintian driving confidence and modify driving habits, if needed. ",https://www.caa.ca/driving-safely/senior-drivers/,External,Driving and transportation,Mature driver education
Employment Ontario,"Get help with upgrading your skills, finding a job, training and skills development. ",https://www.ontario.ca/page/employment-ontario,Internal,Employment and learning,Working in Ontario
"Ontario Job Creation
Partnerships","Participate in projects to gain skills, get work experience and increase your chances of finding long-term employment. ",https://www.ontario.ca/page/ontario-job-creation-partnerships,Internal,Employment and learning,Working in Ontario
Better Jobs Ontario,"Get skills training and financial support if one of the following applies to you: 

  - laid off and have not been working 
  - laid off and are working a temporary job just to cover costs 
  - unemployed for six months or longer and you are part of a low-income household ",https://www.ontario.ca/page/better-jobs-ontario,Internal,Employment and learning,Working in Ontario
"Work in your 
profession or trade","Learn how to continue working in your profession or trade if you’ve been trained in another country. 

Get the qualifications you need to practice your profession or trade in Ontario through: 

  - [Ontario Bridge Training Program](https://www.ontario.ca/page/work-your-profession-or-trade#obtp)
  - [trade equivalency assessment](https://www.ontario.ca/page/work-your-profession-or-trade#tea)
  - [Health Force Ontario](https://www.ontario.ca/page/work-your-profession-or-trade#hfo)
  - [Global Experience Ontario](https://www.ontario.ca/page/work-your-profession-or-trade#geo)",https://www.ontario.ca/page/work-your-profession-or-trade,Internal,Employment and learning,Working in Ontario
Employment Standards Act (ESA) ,"Know your rights under the law on minimum wage, hours of work limits, termination of employment, severance pay, 
vacation and more. ",https://www.ontario.ca/document/your-guide-employment-standards-act-0,Internal,Employment and learning,Working in Ontario
Continuing education,"Find education programs and courses that align with your learning and skills development goals: 

  - [public school boards](https://www.ontario.ca/page/find-school-board-or-school-authority)
  - [universities](https://www.ontario.ca/page/ontario-universities)
  - [colleges](https://www.ontario.ca/page/ontario-colleges)
  - [OntarioLearn](https://www.ontariolearn.com/)",https://www.ontario.ca/page/go-college-or-university-ontario,Internal,Employment and learning,Lifelong learning
"TVO: Independent 
Learning Centre","Find flexible, affordable online high school courses and the personal support you need to reach your learning goals.  ",https://www.ilc.org/,External,Employment and learning,Lifelong learning
Lifelong Learning Plan,"Find out how to withdraw money from your RRSPs to help pay for full-time education for yourself, your spouse or common-law partner. ",https://www.canada.ca/en/revenue-agency/services/forms-publications/publications/rc4112/lifelong-learning-plan.html,External,Employment and learning,Lifelong learning
"Third Age Network: 
An association of  
lifelong learning groups
 in Ontario ",Join or start a learning group for older adults. Meet new friends and learn in a friendly social setting.,https://thirdagenetwork.ca/,External,Employment and learning,Lifelong learning
Computer Training,"Find drop-ins or workshops, that will help you improve your technology and digital skills in your community, at: 

  - [Public libraries](https://www.ontario.ca/page/ontario-public-libraries#section-7)
  - [211 Ontario](https://211ontario.ca/?_gl=1%2A1rsprgh%2A_ga%2ANDc1MjE5OTMxLjE2MDgzMjUzMTY.%2A_ga_HLLEK4SB6V%2AMTY3MzU1MDMxOS41LjEuMTY3MzU1MTYwNy4wLjAuMA..)
  - [Seniors Active Living Centre programs](https://www.ontario.ca/page/find-seniors-active-living-centre-program-near-you)",,External,Employment and learning,Lifelong learning
Ontario Arts Council,Learn what type of art grants are available to you and how to apply. ,https://www.arts.on.ca/,External,Employment and learning,Lifelong learning
Benefits for Newcomers,"If you are an immigrant or refugee: 

  - [settlement agencies](https://www.ontario.ca/page/getting-settled-ontario) help you find the services you need to settle in Ontario 
  - use [Settlement.Org’s](https://services.settlement.org/en/) “find services near me” locator to search for community agencies in your community 
  - you can take [English and French language](https://www.ontario.ca/page/improve-your-english-and-french) training classes for your job and education 
  - [MOFIF (Mouvement Ontarien des Femmes Immigrantes Francophones)](http://mofif.ca/) improves the lives for Francophone immigrant girls and women, and promotes integration and active participation in all areas of society ",,External,Employment and learning,Services for newcomers
Low Income Benefits,"If you are a low-to-moderate income senior, you may be eligible to receive the following: 

  - [Ontario Trillium Benefit](https://www.ontario.ca/page/ontario-trillium-benefit)  — a tax-free payment to help you pay for energy costs, sales tax and property tax. 
  - [Ontario Senior Homeowners’ Property Tax Grant](https://www.ontario.ca/page/senior-homeowners-property-tax-grant) — up to $500 back on your property taxes. 
  - [Ontario Seniors Care at Home Tax Credit](https://www.ontario.ca/page/ontario-seniors-care-home-tax-credit) — a tax credit to help with medical expenses, including expenses that support aging at home such as hearing aids, hospital beds, and attendant care. 
  - [Seniors Public Transit Tax Credit](https://www.ontario.ca/page/ontario-seniors-public-transit-tax-credit) — a tax credit to help with public transit costs. 
  - [Low-Income Energy Assistance Program](https://www.oeb.ca/consumer-information-and-protection/bill-assistance-programs/low-income-energy-assistance-program) — up to $500 in emergency assistance for your electricity bills ($600 if your home is heated electrically) and $500 for your natural gas bills.  
  - [Ontario Electricity Support Program](https://ontarioelectricitysupport.ca/) — a reduction on your electricity bill.",,External,Finances,Tax credits
Seniors' Home Safety Tax Credit,"If you are a senior or living with one, the [Seniors’ Home Safety Tax Credit](https://www.ontario.ca/page/seniors-home-safety-tax-credit) is a refundable personal income tax credit can help you make your home safer and more accessible, helping you stay in your home longer (available for the 2021 and 2022 tax years). ",https://www.ontario.ca/page/seniors-home-safety-tax-credit,Internal,Finances,Tax credits
CRA: Canada Revenue Agency  ,"The CRA administers: 

  - tax laws for the Government of Canada and for most provinces and territories 
  - social and economic programs delivered through the tax system ",https://www.canada.ca/en/revenue-agency.html,External,Finances,Tax credits
Taxpayer Bill of Rights,"Understand the treatment you are entitled to when you deal with the CRA. You have a right to be treated professionally,  courteously and fairly as a taxpayer.  ",https://www.canada.ca/en/revenue-agency/services/forms-publications/publications/rc17/taxpayer-bill-rights-guide-understanding-your-rights-a-taxpayer.html,External,Finances,Tax credits
Old Age Security,Apply to receive a pension that provides monthly payments to eligible Canadians who are 65 years or older. ,https://www.canada.ca/en/services/benefits/publicpensions/cpp/old-age-security.html,External,Finances,Pensions and other benefits
Guaranteed Income Statement,"Learn about this income supplement for low-income seniors living in Canada who receive  Old Age Security pension. Enrolment is automatic, but in certain cases you may need to apply. 

Benefit for your spouse or common-law partner 

Learn about how spouses or common-law partners may qualify to receive the [Guaranteed Income Supplement Allowance](https://www.canada.ca/en/services/benefits/publicpensions/cpp/old-age-security/guaranteed-income-supplement/allowance.html) or [Allowance for the Survivor](https://www.canada.ca/en/services/benefits/publicpensions/cpp/old-age-security/guaranteed-income-supplement/allowance-survivor.html).",https://www.canada.ca/en/services/benefits/publicpensions/cpp/old-age-security/guaranteed-income-supplement.html,External,Finances,Pensions and other benefits
"Canada Pension Plan (CPP) 
retirement pension  ","Apply for a monthly, taxable benefit that replaces part of your income when you retire. If you are a CPP contributor 
and qualify, you’ll receive this pension for the rest of your life.  ",https://www.canada.ca/en/services/benefits/publicpensions/cpp.html,External,Finances,Pensions and other benefits
CPP disability benefits,Apply for monthly benefits if you are a CPP contributor under the age of 65 and cannot work because of a disability. ,https://www.canada.ca/en/services/benefits/publicpensions/cpp/cpp-disability-benefit.html,External,Finances,Pensions and other benefits
CPP survivor’s pension  ,Apply for a monthly payment paid to the legal spouse or common-law partner of the deceased CPP contributor.  ,https://www.canada.ca/en/services/benefits/publicpensions/cpp/cpp-survivor-pension.html,External,Finances,Pensions and other benefits
CPP death benefit  ,"Apply for a one-time payment, payable to the estate or other eligible individuals, on behalf of a deceased CPP contributor.  ",https://www.canada.ca/en/services/benefits/publicpensions/cpp/cpp-death-benefit.html,External,Finances,Pensions and other benefits
CPP children’s benefit  ,Learn about a monthly benefit for dependent children under 25 years of a deceased CPP contributor. ,https://www.canada.ca/en/services/benefits/publicpensions/cpp/cpp-childrens-benefit.html,External,Finances,Pensions and other benefits
CPP pension sharing  ,Learn how to share your pension with your legal spouse or common-law partner.  ,https://www.canada.ca/en/services/benefits/publicpensions/cpp/share-cpp.html,External,Finances,Pensions and other benefits
"International social security 
agreements and the CPP ",Get help with your business if you are an employer who sends employees abroad or if you are a self-employed worker who provides services abroad and you are a CPP contributor. ,https://www.canada.ca/en/revenue-agency/services/tax/canada-pension-plan-cpp-employment-insurance-ei-rulings/international-social-security-agreements-canada-pension-plan.html,External,Finances,Pensions and other benefits
Employment Insurance benefits and leave ,"Find benefits and leave information if you are a worker, sick or providing care for a loved one. Learn how to apply and submit 
reports. ",https://www.canada.ca/en/services/benefits/ei.html,External,Finances,Pensions and other benefits
Guaranteed Annual Income System (GAINS) ,Get monthly non-taxable payments if you are an eligible low-income senior. ,https://www.ontario.ca/page/guaranteed-annual-income-system-payments-seniors,Internal,Finances,Pensions and other benefits
Service Canada ,Find a wide range of government services and benefits that are available to you. ,https://www.canada.ca/en/employment-social-development/corporate/portfolio/service-canada.html,External,Finances,Pensions and other benefits
About Your Taxes,Learn how the Canadian tax system works. ,https://www.canada.ca/en/revenue-agency/services/tax/individuals/educational-programs.html,External,Finances,File your taxes
File your tax return ,"Learn about filing your personal income tax and benefit return. You can prepare and file your tax return with the CRA:  

  - [individual tax filing assistance](https://www.canada.ca/en/revenue-agency/services/tax/individuals/community-volunteer-income-tax-program/individual-tax-filing-assistance.html) will help you do your taxes over       the phone if you are  eligible. 
  - [GST/HST NETFILE](https://www.canada.ca/en/revenue-agency/services/e-services/e-services-businesses/gst-hst-netfile.html) allows you to file GST/HST returns and eligible rebates 
  - [Community Volunteer Income Tax Program](https://www.canada.ca/en/revenue-agency/services/tax/individuals/community-volunteer-income-tax-program.html) hosts free tax clinics where volunteers file tax returns if you have a modest income and a simple tax situation.  ",https://www.ontario.ca/page/filing-your-tax-return,Internal,Finances,File your taxes
FP Canada,Search for a professional financial planner in your area or verify the certification status of a planner. ,https://www.fpcanada.ca/findaplanner,External,Finances,Financial Planning
Registered Retirement Savings Plan (RRSP)  ,Learn how a savings plan you contribute to over the course of your working life can help you save for retirement. RRSPs also have special tax advantages and benefits that can help you before you retire. ,https://www.canada.ca/en/revenue-agency/services/tax/individuals/topics/rrsps-related-plans.html,External,Finances,Financial Planning
Registered Retirement Income Fund (RRIF)  ,"Learn how an arrangement between you and a carrier (an insurance company, a trust company or a bank) may allow you to 
draw an income from your other investments and savings. ",https://www.canada.ca/en/revenue-agency/services/tax/individuals/topics/registered-retirement-income-fund-rrif.html,External,Finances,Financial Planning
Tax-Free Savings Account (TFSA)  ,Learn about this type of bank account that allows you to set moneyaside tax-free throughout your lifetime.  ,https://www.canada.ca/en/revenue-agency/services/tax/individuals/topics/tax-free-savings-account.html,External,Finances,Financial Planning
Lifelong Learning Plan,"Learn about this plan that allows you to take up to $10,000 in a calendar year from your RRSPs to pay for training or education for you or your spouse/common-law partner.  ",https://www.canada.ca/en/revenue-agency/services/tax/individuals/topics/rrsps-related-plans/lifelong-learning-plan.html,External,Finances,Financial Planning
GetSmarterAboutMoney.ca   ,Get unbiased and independent financial tools to help you make better financial decisions. ,https://www.getsmarteraboutmoney.ca/,External,Finances,Financial Planning
Social assistance,"Learn how to get financial and employment assistance if you don’t have enough money for things like food and housing, or if you have a disability and are in financial need. ",https://www.ontario.ca/page/social-assistance,Internal,Finances,Financial aid
"March of Dimes Canada: Home and Vehicle 
Modification Program  ",Get funding for basic home and/or vehicle modifications if you have mobility restrictions. ,https://www.marchofdimes.ca/en-ca/programs/am/hvmp/Pages/modchvmp.aspx,External,Finances,Financial aid
Medical Expense Tax Credit,Get a tax credit if you have sustained significant medical expenses for yourself or your dependents. ,https://www.canada.ca/en/revenue-agency/services/tax/technical-information/income-tax/income-tax-folios-index/series-1-individuals/folio-1-health-medical/income-tax-folio-s1-f1-c1-medical-expense-tax-credit.html,External,Finances,Financial aid
Veterans Affairs Canada,"Find specific services and benefits to improve your well-being if you are a current or former member of the CAF or RCMP, or a family member. ",https://www.veterans.gc.ca/,External,Finances,For Veterans
Bureau of Pensions Advocates  ,Get free legal advice and representation to help you review or appeal a disability benefits decision made by Veterans Affairs Canada. ,https://www.veterans.gc.ca/eng/veterans-rights/how-to-appeal/bureau-pensions-advocates,External,Finances,For Veterans
War Veterans Allowance  ,"Get a tax-free monthly benefit if you are a low-income war veteran, their dependent or survivor. ",https://www.veterans.gc.ca/eng/financial-support/income-support/war-veterans-allowance,External,Finances,For Veterans
Soldiers’ Aid Commission of Ontario ,Learn about the commission and how it provides financial assistance to eligible veterans and their families in financial need. ,https://www.ontario.ca/page/soldiers-aid-commission,Internal,Finances,For Veterans
Royal Canadian Legion: Benevolent Funds  ,"Learn how this fund provides emergency assistance for basic needs such as food, shelter and medical care for veterans, 
ex-service personnel and their dependents.  ",https://www.on.legion.ca/veterans-seniors/service-officers/benevolent-funds,External,Finances,For Veterans
Health811,"Access health care 24/7 online, phone or chat: 

  - [find a service and health care providers](https://health811.ontario.ca/static/guest/find-a-service)
  - call 811, TTY:[1-866-797-0007]
  - [chat online](https://health811.ontario.ca/static/guest/chat-online)",https://health811.ontario.ca/static/guest/home,External,Health and well-being,Health care options
Ontario Health Insurance Plan (OHIP) ,"Get health services you may need paid for through OHIP. 

  - [Apply for OHIP](https://www.ontario.ca/page/apply-ohip-and-get-health-card)
  - [Documents needed to get a health card](https://www.ontario.ca/page/documents-needed-get-health-card)
  - [Learn what  OHIP covers](https://www.ontario.ca/page/what-ohip-covers)
  - [OHIP+](https://www.ontario.ca/page/learn-about-ohip-plus)
  - [Renew your health card](https://www.ontario.ca/page/health-card-renewal#section-0)
  - [Search for covered prescription drugs](https://www.ontario.ca/check-medication-coverage/)
  - Get temporary health coverage [across Canada](https://www.ontario.ca/page/ohip-coverage-across-canada) or [outside of Canada](https://www.ontario.ca/page/ohip-coverage-while-outside-canada). ",https://www.ontario.ca/page/health-cards,Internal,Health and well-being,Health care options
Public health units,"Learn how to get information from professionals on healthy lifestyles, including sexual health, vaccinations, addictions, and healthy growth and development. ",https://www.ontario.ca/page/public-health-units,External,Health and well-being,Health care options
"Mental health and
addiction services","Find free, confidential support for depression, anxiety, addiction, gambling and other problems in your community. ",https://www.ontario.ca/page/mental-health-services,Internal,Health and well-being,Health care options
"Services for Indigenous people 
and families","Find healing, health and wellness services. This includes counselling, advocacy, residential and day programs, referrals and translation services. ",https://www.ontario.ca/page/healing-health-and-wellness-services-indigenous-people-and-families,Internal,Health and well-being,Health care options
Aboriginal Health Access Centre,"Find a list of centres. These are primary health care facilities for First Nations, Métis and Inuit communities.  ",https://www.allianceon.org/aboriginal-health-access-centres,External,Health and well-being,Health care options
Provincial Geriatrics Leadership Ontario  ,"Find your local specialized geriatric services provider. These providers offer direct health care, build capacity and advocate for services for older adults. ",https://rgps.on.ca/regional-programs/,External,Health and well-being,Health care options
Rainbow Health Ontario,Find a service provider and information on 2SLGBTQIA+ health and wellness. ,https://www.rainbowhealthontario.ca/,External,Health and well-being,Health care options
211 Ontario,Search for health care options and support programs near you. ,https://211ontario.ca/search/,External,Health and well-being,Health care options
"Home and Community Care Support 
Services (HCCSS)  ",Find a local HCCSS provider to assess your needs and deliver in-home and community-based services to support your Health and well-being. ,https://www.healthcareathome.ca/getting-started/,External,Health and well-being,"Home and community
support services"
Find a health care provider with Health811,"Use our search tool to find doctors, nurse practitioners, specialists, or health services for you and your family. 

You can also find a doctor, nurse or counsellor with: 

  - The [College of Physicians and Surgeons of Ontario](http://www.cpso.on.ca/)directory provides information about registered doctors in Ontario. 
  - Register with [Health Care connect](https://www.ontario.ca/page/find-family-doctor-or-nurse-practitioner) and a nurse will search for a doctor or nurse practitioner who is accepting new patients in your community. 
  - [ConnexOntario](https://www.connexontario.ca/en-ca/) provides 24/7 counselling and referrals for mental health, drug and alcohol addiction and problems with gambling.",https://health811.ontario.ca/static/guest/find-a-service,External,Health and well-being,"Home and community
support services"
MedsCheck,Set up a free meeting with your pharmacist to make sure you are using your medications in a safe and proper way. ,https://www.ontario.ca/page/take-your-medication-safely,Internal,Health and well-being,"Home and community
support services"
Ontario Drug Benefit (ODB) Program ,"Get help paying for prescription drugs.  

It also helps you pay for some: 

  - [allergy shots and epinephrine injectable products](https://www.ontario.ca/page/get-coverage-prescription-drugs#allergy) 
  - [products used in monitoring and testing for diabetes](https://www.ontario.ca/page/get-coverage-prescription-drugs#diabetes) 
  - [prescribed over-the-counter drugs](https://www.ontario.ca/page/get-coverage-prescription-drugs#overthecounter)
  - [nutrition products](https://www.ontario.ca/page/get-coverage-prescription-drugs#nutrition)
  - [drugs used in the treatment of HIV/AIDS](https://www.ontario.ca/page/get-coverage-prescription-drugs#HIV)
  - [drugs used in palliative care](https://www.ontario.ca/page/get-coverage-prescription-drugs#palliative) 
  - [support and treatments to quit smoking](https://www.ontario.ca/page/get-coverage-prescription-drugs#section-2)",https://www.ontario.ca/page/get-coverage-prescription-drugs,Internal,Health and well-being,"Home and community
support services"
Seniors Co-Payment Program  ,Learn about this program under the Ontario Drug Benefit program that helps you pay for prescription drugs. ,https://www.ontario.ca/page/get-coverage-prescription-drugs%22%20/l%20%22seniors,Internal,Health and well-being,"Home and community
support services"
Trillium Drug Program,Get a reduction in what you pay if you have high prescription drug costs compared to your household income. ,https://www.ontario.ca/page/get-help-high-prescription-drug-costs,Internal,Health and well-being,"Home and community
support services"
The Exceptional Access Program,"Get access to drugs not funded by the ODB program, or when no listed alternative is available.  ",https://www.health.gov.on.ca/en/pro/programs/drugs/eap_mn.aspx,External,Health and well-being,"Home and community
support services"
Non-insured health benefits for First Nations and Inuit  ,Get coverage for a range of health benefits that are not covered by other programs or insurance plans. ,https://www.sac-isc.gc.ca/eng/1572537161086/1572537234517,External,Health and well-being,"Home and community
support services"
Veterans Independence Program,"Get tax-free funding for professional health and support services, as well as home and personal care. ",https://www.veterans.gc.ca/eng/housing-and-home-life/help-at-home/veterans-independence-program,External,Health and well-being,"Home and community
support services"
Ontario Seniors Dental Care Program,"Access free, routine dental care if you are a low-income senior 65 years or older. ",https://www.ontario.ca/page/dental-care-low-income-seniors,Internal,Health and well-being,"Home and community
support services"
Assistive Devices Program,"Get help paying for equipment and supplies for long-term physical disabilities, like wheelchairs and hearing aids. ",https://www.ontario.ca/page/assistive-devices-program,Internal,Health and well-being,"Home and community
support services"
Hearing Care Counselling Service,Get help coping with hearing loss if you’re a senior 55 years and over.,https://www.chs.ca/service/hearing-care-counselling-ages-55,External,Health and well-being,"Home and community
support services"
Ambulance services,"Learn about what OHIP covers if you need an ambulance for a medical emergency, depending on the circumstances. ",https://www.health.gov.on.ca/en/public/publications/ohip/amb.aspx,External,Health and well-being,"Home and community
support services"
Northern Health Travel Grant,Apply for financial assistance if you live in Northern Ontario and must travel long distances to access medical specialist services. ,https://www.health.gov.on.ca/en/public/publications/ohip/northern.aspx,External,Health and well-being,"Home and community
support services"
Preventing and living with diabetes,Learn about living with diabetes if you have been diagnosed. ,https://www.ontario.ca/page/preventing-and-living-diabetes,Internal,Health and well-being,"Home and community
support services"
National Aboriginal Diabetes Program,Find programs and services that support and prevent diabetes in Indigenous communities. ,https://nada.ca/programs-and-projects/,External,Health and well-being,"Home and community
support services"
Colon cancer testing and prevention,"Information about colon cancer, including when you should get checked and tips to protect yourself. ",https://www.ontario.ca/page/colon-cancer-testing-and-prevention,Internal,Health and well-being,"Home and community
support services"
Bone mineral density (BMD) test  ,"Learn who should take a BMD test and how it can tell if you have osteoporosis. 

Addiction and mental health ",https://osteoporosis.ca/bone-mineral-density-testing/,External,Health and well-being,"Home and community
support services"
Find mental health support,Learn about supports available to you and how to get help when you need it. ,https://www.ontario.ca/page/find-mental-health-support,Internal,Health and well-being,"Home and community
support services"
"Centre for Addiction and Mental Health 
(CAMH)  ",Find programs and services for seniors suffering from addiction or mental illness.  ,https://www.camh.ca/en/your-care/programs-and-services,External,Health and well-being,"Home and community
support services"
ConnexOntario,"Access free, 24/7, confidential health services and information if you are experiencing problems with mental health, addictions and gambling.  ",https://www.connexontario.ca/en-ca/,External,Health and well-being,"Home and community
support services"
"Substance use treatment centres for First 
Nations and Inuit ",Find Canadian treatment centres available for First Nations and Inuit individuals and families affected by substance abuse. ,https://www.sac-isc.gc.ca/eng/1576090254932/1576090371511#a5,Internal,Health and well-being,"Home and community
support services"
Support to quit smoking,"Find support, treatments and tips to help you stop smoking.  ",https://www.ontario.ca/page/support-quit-smoking,Internal,Health and well-being,"Home and community
support services"
Smoker's Helpline,"Find support to quit smoking and vaping online, by phone and in your community. ",https://csl.cancer.ca/smokershelpline/en,External,Health and well-being,"Home and community
support services"
Sexual Health Ontario,"Get information about sexual health, HIV/AIDS, hepatitis C and/or needle exchange services.   ",https://www.sexualhealthontario.ca/en/home,External,Health and well-being,"Home and community
support services"
Ontario AIDS Network,"Browse through a network of community-based organizations that provide HIV/AIDS education, outreach, prevention and programming.",https://ontarioaidsnetwork.ca/,External,Health and well-being,"Home and community
support services"
"The Canadian AIDS Treatment Information 
Exchange  ","Get unbiased knowledge, resources and expertise to reduce transmission and improve quality of life for people living with HIV or hepatitis C, at-risk communities, health care providers and organizations. ",https://www.catie.ca/,External,Health and well-being,"Home and community
support services"
The Ontario HIV Treatment Network  ,Learn how this organization works to improve the health and lives of people living with and at risk of HIV. ,https://www.ohtn.on.ca/,External,Health and well-being,"Home and community
support services"
Patient Ombudsman  ,Get help with a complaint involving a health sector organization. The ombudsman will investigate and facilitate a resolution without taking sides and make recommendations to improve future experiences. ,https://patientombudsman.ca/,External,Health and well-being,"Home and community
support services"
Vaccines and immunization,"Learn how and when to get vaccinated, a flu shot or immunized to protect yourself and others against preventable diseases and serious illness. 

  - [Flu shots](https://www.ontario.ca/page/flu-facts)
  - [Vaccines for adults](https://www.ontario.ca/page/vaccines-adults#section-1)
  - [COVID-19 vaccines](https://www.ontario.ca/page/covid-19-vaccines)
  - [Ontario's Routine Immunization Schedule](https://www.health.gov.on.ca/en/public/programs/immunization/static/immunization_tool.html)",https://www.ontario.ca/page/vaccines,Internal,Health and well-being,Vaccinations
Safe and Found Program,Protect yourself or a loved one who has Alzheimer’s and other dementias by registering them with this identification  program. ,https://www.medicalert.ca/safe-and-found,External,Health and well-being,Alzheimer’s disease and dementia 
Finding Your Way,Learn how to recognize the risk of going missing and how to be prepared for incidents when someone has gone missing. ,https://www.findingyourwayontario.ca/,External,Health and well-being,Alzheimer’s disease and dementia 
Exercise and falls prevention programs,"Join free classes to help maintain balance, strength and prevent falls.  

Resources to help reduce your risk: 

  - [Too Fit To Fracture: exercise recommendations](https://osteoporosis.ca/exercise-recommendations/)
  - [Preventing slips, trips, and falls in the workplace](https://www.ontario.ca/page/preventing-slips-trips-and-falls-workplace) 
  - [Safe Living Guide — A Guide to Home Safety for Seniors](https://www.canada.ca/en/public-health/services/health-promotion/aging-seniors/publications/publications-general-public/safe-living-guide-a-guide-home-safety-seniors.html)
  - [You CAN Prevent Falls!](https://www.canada.ca/en/public-health/services/health-promotion/aging-seniors/publications/publications-general-public/you-prevent-falls.html)
  - [Steps to Stair Safety at Home](https://www.canada.ca/en/public-health/services/health-promotion/aging-seniors/publications/publications-general-public/stair-safety.html)",https://www.ontario.ca/page/exercise-and-falls-prevention-programs,Internal,Health and well-being,Prevent falls and injuries
Find a registered dietitian with Health811,Find a registered dietitian who can provide free advice about food and healthy eating.  ,https://health811.ontario.ca/static/guest/find-a-service,External,Health and well-being,Nutrition
"Canada’s Food Guide: Healthy eating
 for seniors ","Learn why healthy eating is important in staying healthy and strong, so you can maintain your independence and quality of life when you are a senior. ",https://food-guide.canada.ca/en/tips-for-healthy-eating/seniors/,External,Health and well-being,Nutrition
Dietitians of Canada,Find resources and dietitians in your area that can help you make healthier food choices.,https://members.dietitians.ca/DCMember/s/find-dietitian?language=en_US&utm_campaign=Find%20a%20Dietitian&utm_medium=secondary%20navigation&utm_source=DC%20Website,External,Health and well-being,Nutrition
Housing in Ontario,Learn about programs to help you have a safe and affordable place to call home. ,https://www.ontario.ca/page/housing-in-ontario,Internal,Home and housing,Housing options
Life lease housing,Read the guide to learn about life leases and to help decide if it is right for you or your loved ones. ,https://www.ontario.ca/document/life-lease-housing,Internal,Home and housing,Housing options
Retirement homes,"Learn about the service these homes provide if you or a loved one can live with little or no outside help. Get help choosing a home, applying and costs. ",https://www.ontario.ca/page/find-retirement-home,Internal,Home and housing,Housing options
Long-term care homes,"Learn about the care these homes provide when independent living for you or a loved one is difficult. Get help choosing a home, applying and what to expect when you move in. ",https://www.ontario.ca/page/long-term-care-ontario,Internal,Home and housing,Housing options
Supportive housing,Learn the differences between supportive-housing options available to help you decide the right care for you or your loved one. ,https://www.ontario.ca/page/supportive-housing-options,Internal,Home and housing,Housing options
"Social (or community) 
housing ",Learn about government-assisted housing that provides lower cost rental units to households with low-to-moderate incomes. ,https://www.ontario.ca/page/housing-in-ontario#section-2,Internal,Home and housing,Housing options
Co-operative housing,"Learn about co-ops in your community and how to apply for membership if you want to live in affordable housing 
controlled by voting members. ",https://chfcanada.coop/about-co-op-housing/find-a-co-op/,External,Home and housing,Housing options
"Adult lifestyle 
communities","Contact your local real estate agent to learn about living in a retire or semi-retire community and the on-site recreational 
and activities they offer.",https://www.reco.on.ca/RegistrantSearch,External,Home and housing,Housing options
"Homelessness Prevention
Program","Learn about programs and strategies to prevent homelessness, and how to help people experiencing or at risk of homelessness. ",https://www.ontario.ca/page/addressing-homelessness,Internal,Home and housing,Housing options
Find your local service manager,"Contact your local service manager to find out what housing programs, rental assistance and benefits are available in your community. ",https://www.ontario.ca/page/find-your-local-service-manager,Internal,Home and housing,Housing options
"Home and community care
support services",Contact a local care provider to help you coordinate and get the right care and health supports you need at home. ,https://www.healthcareathome.ca/home-care/,External,Home and housing,Home supports
"Canada Mortgage and 
Housing Corporation:
guide to home adaptations",Learn about the types of difficulties seniors can experience in the home and how to overcome these difficulties. ,https://www.cmhc-schl.gc.ca/en/professionals/industry-innovation-and-leadership/industry-expertise/senior-housing/maintaining-seniors-independence-through-home-adaptations-a,External,Home and housing,Home supports
Canada-Ontario Housing Benefit,"Contact your local service manager to find out if you are eligible to get monthly benefit payments to help you pay your
rent. ",https://www.ontario.ca/page/find-your-local-service-manager,Internal,Home and housing,Home supports
"Rent supplements and housing
allowances",Contact your local service manager to find out if you qualify for rental assistance to help you pay your rent.  ,https://www.ontario.ca/page/find-your-local-service-manager,Internal,Home and housing,Home supports
"Ontario Association of Residents'
Councils","Find a network of Residents’ Councils across long-term care homes. Councils are a group of residents who speak on behalf 
of all residents to support their interests. ",https://www.ontarc.com/,External,Home and housing,Home supports
Family Councils Ontario,"Learn how this organization works with families, family councils and long-term care home staff to improve the long-term 
care experience.  ",https://fco.ngo/,External,Home and housing,Home supports
"Residential Rehabilitation
Assistance Program  ",Get funding for major repairs that are needed to bring on-reserve housing up to minimum health and safety standards. ,https://www.cmhc-schl.gc.ca/en/professionals/project-funding-and-mortgage-financing/funding-programs/all-funding-programs/residential-rehabilitation-assistance-program,External,Home and housing,Home supports
Assisted Living Program,Get non-medical support and social support services if you live on-reserve with a chronic illness or disability. ,https://www.sac-isc.gc.ca/eng/1100100035250/1533317440443,External,Home and housing,Home supports
Ontario Renovates,"Contact your local service manager to find out what forgivable loans are available. These loans help you make necessary
repairs to improve accessibility in your home.  ",https://www.ontario.ca/page/find-your-local-service-manager,Internal,Home and housing,Financial assistance and relief
"Exemption for seniors and people
with disabilities","If you own a property that houses people with disabilities or seniors 65 years or older, you may be eligible for a tax 
exemption for a portion of your property.  ",https://www.mpac.ca/en/MakingChangesUpdates/ExemptionSeniorsandPersonsDisability,External,Home and housing,Financial assistance and relief
Property tax relief,"Contact your local municipality to learn if you qualify (low-income seniors or person with disabilities) to receive relief from
property tax increases that result from assessment reform. ",https://www.ontario.ca/page/list-ontario-municipalities,Internal,Home and housing,Financial assistance and relief
"Provincial Land Tax Deferral 
Program for Low-Income Seniors and Low-Income Persons with Disabilities ",Learn how to get a partial deferral of provincial land tax and education tax. ,https://www.ontario.ca/document/provincial-land-tax/provincial-land-tax-deferral-program-low-income-seniors-and-low-income,Internal,Home and housing,Financial assistance and relief
Rent increase deadlines,"Learn about the rules for rent, including rent increase guidelines and resolving issues about rent control. ",https://www.ontario.ca/page/residential-rent-increases,Internal,Home and housing,Landlord and tenant relations
"Tribunals Ontario: Landlord
and Tenant Board  ","Learn about the board that resolves disputes between landlords and tenants and educates people about their rights 
and responsibilities.  ",https://tribunalsontario.ca/ltb/,External,Home and housing,Landlord and tenant relations
"Residential Tenancies Act, 2006 ",Read about the act that provides protection for tenants from unlawful rent increases and unlawful evictions. It also sets out the rights and responsibilities of landlords and tenants.  ,https://www.ontario.ca/laws/statute/06r17,Internal,Home and housing,Landlord and tenant relations
"Active Living Centre Programs 
for Seniors","Use our map to find programs that promote wellness, social connectedness and learning in your community.

Clubs and groups

Find social activities and hobbies in your community through organizations such as: 
  - [YMCA](https://www.ymca.ca/locations?type=ymca,camps&amenities)
  - [Club Rotary](https://my.rotary.org/en/club-search)
  - [Lions Club](https://www.lionsclubs.org/en/start-our-approach/club-locator)
  - [Royal Canadian Legion](https://legion.ca/contact-us/find-a-branch)",https://www.ontario.ca/page/find-seniors-active-living-centre-program-near-you,Internal,Recreation,Community activities
"Ontario Association of Seniors' 
Centres","Use its map locator to find physical, recreational and social programs at a centre near you.",https://www.oacao.org/,External,Recreation,Community activities
Seniors' Centre Without Walls,"Find free group activities accessible by phone that are for seniors (at least 50 years old) or with a disability that prevents 
them from leaving their homes easily.",http://www.oacao.org/programs/seniors-centre-without-walls/,External,Recreation,Community activities
"Ontario Parks Discovery 
Programs","Discover staff-led programs, self-directed activities and interpretive panels that will allow you to explore nature.",https://www.ontarioparks.com/discovery,External,Recreation,Community activities
"FARFO: Federation of 
Francophone Seniors and 
Retirees of Ontario","Benefit from services in French for seniors or retirees (at least 50 years old), particularly in terms of care 
and social housing.",https://farfo.ca/,External,Recreation,Community activities
"Ontario Arts Council: Aboriginal 
Community and School 
Artists – Projects","Apply for grants for projects that help Indigenous artists and elders create meaningful artistic experiences, host workshops in schools, and share art knowledge and skills.",https://canadacouncil.ca/funding/grants/creating-knowing-sharing,External,Recreation,Community activities
"Canada Council for the Arts: 
Create, Know and Share 
program","Apply for grants for Indigenous artists and artists' groups, Indigenous-led arts organizations, and Indigenous arts and 
culture development support organizations.",https://conseildesarts.ca/financement/subventions/creer-connaitre-et-partager,External,Recreation,Community activities
Equal,"Find research results and webinars on topics related to the 2SLGBTQIA+ community and learn about the organization's 
advocacy efforts in Canada.",https://egale.ca/,External,Recreation,Community activities
The 519,Find programs and services for 2SLGBTQIA+ seniors at this Toronto centre.,https://www.the519.org/programs/category/older-2slgbtq/,External,Recreation,Community activities
Senior Pride Network Toronto,Become a free member to discover programs and services for 2SLGBTQIA+ seniors aged 50 and over in Toronto.,https://www.seniorpridenetwork.ca/,External,Recreation,Community activities
Royal Canadian Legion,"Use their [locator](https://www.legion.ca/contact-us/find-a-branch) to find a Legion branch in your community. The Legion sponsors community-based programs and provides support to Veterans, their dependents and serving members of the Canadian Forces.",https://www.legion.ca/who-we-are,External,Recreation,Community activities
The Memory Project ,"Find out how to book the visit of speakers or provide a speech yourself. This office organizes veterans and serving members 
of the Canadian Armed Forces to attend schools and community events across the country to share their stories of military 
service.",https://www.thememoryproject.com/,External,Recreation,Community activities
Public Libraries,"Find meetings, webinars, and informal discussions on a variety of topics that may interest you at a library near you.",https://www.olservice.ca/,External,Recreation,Community activities
211 Ontario,"Look for cultural, recreational and social programs near you.",https://211ontario.ca/recherche/,External,Recreation,Community activities
Exercise and Fitness Tips,"Physical activity plays an important role in your health, well-being and quality of life. Get tips and tools to improve and maintain your health: 

  - [Practical tips for seniors (65 years and older)](https://www.canada.ca/en/public-health/services/publications/healthy-living/physical-activity-tips-older-adults-65-years-older.html)
  - [Canadian 24-hour movement guidelines](https://www.participaction.com/the-science/benefits-and-guidelines/adults-65-plus/)
  - [Physical Activity Toolkit: For Older Adults (site en anglais seulement)](https://prismic-io.s3.amazonaws.com/participaction/84f1e964-a43c-419e-994b-57a63c3bf822_pa-seniors-toolkit-design-v03-eng-pa.pdf)
  - [Aging: Move Now, for a Healthy Future](https://www.participaction.com/the-science/explore-benefits/aging/)
  - [McMaster Optimal Aging Portal: Information on Healthy Aging](https://www.mcmasteroptimalaging.org/)
  - [Canada's Food Guide: Healthy Eating for Seniors](https://food-guide.canada.ca/en/tips-for-healthy-eating/seniors/)
  - [Physical Activity Promotion and Falls Prevention Initiative](https://www.ontario.ca/page/exercise-and-falls-prevention-programs)
  - [Brain-friendly tips to reduce your risk of dementia](https://alzheimer.ca/en/about-dementia/how-can-i-reduce-risk-dementia/brain-healthy-tips-reduce-your-risk-dementia)
  - [All about sleep: everything you need to better understand sleep and its importance to your health](https://sleeponitcanada.ca/all-about-sleep/)
  - [A social adventure is good!](https://www.activeagingcanada.ca/blog/)
  - [Separated, but not alone: the importance of social ties in old age](https://kmb.camh.ca/eenet/resources/connection-matters-in-later-life)
  - [A friendly voice](https://afriendlyvoice.ca/) allows seniors to chat with a friendly and well-being person, without waiting or judgment

Find exercise and activity programs near you: 

  - [211Ontario](https://211ontario.ca/search/)
  - Active Living Centre Programs for Seniors",,External,Recreation,Leading an active lifestyle
"Ontario Seniors Games
Association","If you are at least 55 years old, this association will allow you to find a sport or activity in which you can participate in 
local competitions in a friendly atmosphere, with the opportunity to evolve to play provincially and nationally.",https://osga55plus.ca/,External,Recreation,Leading an active lifestyle
Ontario Parks Activities,"Use its park locator to find local activities such as cycling, birdwatching, and hiking.",https://www.ontarioparks.com/park-locator,External,Recreation,Leading an active lifestyle
Fish,"Find out what you need to know before you go fishing. If you are over 65 years of age or have a disability, 
you are not required to obtain an Outdoors Card or a fishing licence.",https://www.ontario.ca/page/fishing,Internal,Recreation,Leading an active lifestyle
Hunt,"Find out what you need to know before going hunting in Ontario. Get information on how to obtain a hunting licence 
or an Outdoors Card, trapping, falconry and camping on Crown land.",https://www.ontario.ca/page/hunting,Internal,Recreation,Leading an active lifestyle
Destination Ontario,Find travel resources as well as popular places and things to do across Ontario.,https://www.destinationontario.com/en-ca,External,Recreation,Travelling in Canada and Abroad
Older travellers,Find useful information and tips to help you prepare for travel outside of Canada.,https://travel.gc.ca/travelling/health-safety/older-travellers,External,Recreation,Travelling in Canada and Abroad
"Services covered by OHIP 
abroad","Find out what services OHIP covers when you leave Canada temporarily. 

  - [Out-of-province or out-of-country treatment claim form](https://forms.mgcs.gov.on.ca/en/dataset/014-0951-84)
  - [How to get reimbursed for supported prescription drugs](https://www.ontario.ca/page/get-coverage-prescription-drugs)",https://www.ontario.ca/page/ohip-coverage-while-outside-canada,Internal,Recreation,Travelling in Canada and Abroad
"Living or travelling abroad after
retirement","Find out how the time you spend outside of Canada can affect your taxes, benefits and health care.",https://www.canada.ca/en/financial-consumer-agency/services/retirement-planning/travel-abroad-retire.html,External,Recreation,Travelling in Canada and Abroad
Volunteering in Ontario,Find information on how to get involved in volunteer activities.,https://www.ontario.ca/page/volunteering-ontario,Internal,Recreation,Volunteering
The Life Institute,"Find a range of volunteer opportunities: for example, you could either teach, be a hostess or class host, 
or help with administrative tasks, event planning, or committee work.",https://thelifeinstitute.ca/page/volunteer,External,Recreation,Volunteering
Ontario Trillium Foundation,"Volunteer using your local expertise and knowledge to evaluate grant applications received by the foundation and
recommend appropriate projects for funding.",https://www.otf.ca/who-we-are/volunteering,External,Recreation,Volunteering
Canadian Red Cross,"As a volunteer, you can help with emergencies and disasters, sit on committees, support customer service 
or help with administrative tasks.",https://www.redcross.ca/volunteer?lang=en-ca&_ga=,External,Recreation,Volunteering
United Way,Use your local expertise and knowledge to help improve your community in a volunteer position at an office near you.,https://www.unitedway.ca/how-we-help/find-your-uwc/,External,Recreation,Volunteering
Volunteer Canada,Consult the organization's directory to find a volunteer centre that can provide you with information on open positions,https://volunteer.ca/Listings.php?ListType=VC_List_Public&MenuItemID=385&province=9&OrganizationName=&Action=Search&lang=en,External,Recreation,Volunteering
Ontario Volunteer Brigade,Sign up as a volunteer with the Ontario Volunteer Brigade to help your community in an emergency.,https://www.ontario.ca/page/volunteer-corps-ontario,External,Recreation,Volunteering
His Majesty the King,Ask for wishes for a Canadian celebrating at least 100 years or a couple celebrating at least their 60th wedding or union anniversary.,https://www.gg.ca/en/contact-us/birthday-anniversary-greetings,External,Recreation,Honouring the elderly
Governer General,Ask for wishes for a Canadian celebrating at least 90 years or a couple celebrating at least their 50th wedding or union anniversary.,https://www.gg.ca/en/contact-us/birthday-anniversary-greetings,External,Recreation,Honouring the elderly
Lieutenant Governer of Ontario,Ask for wishes for an Ontarian who is celebrating at least 90 years or a couple who is celebrating at least their 50th wedding or union anniversary.,https://greetings.lgontario.ca/GreetingRequest.aspx,External,Recreation,Honouring the elderly
Prime Minister of Canada,Ask for a congratulatory certificate (which can be issued every 5 years) for someone who is at least 65 years old or a couple who is celebrating at least their 25th wedding or union anniversary.,https://www.pm.gc.ca/en/connect/greetings,External,Recreation,Honouring the elderly
Premier of Ontario,Ask for a congratulatory certificate for an Ontarian who is celebrating at least their 80th birthday or a couple who is celebrating at least their 40th wedding or union anniversary.,https://www.certificates.premier.gov.on.ca/home,Internal,Recreation,Honouring the elderly
"Members of Provincial 
Parliament","Contact your local MPs directly to find out what types of wishes they are addressing.

Honouring the Elderly",https://www.ola.org/en/members/current,External,Recreation,Honouring the elderly
Award of Excellence for Seniors,"Find out how to name a senior. This award recognizes individuals who, after the age of 65, make an outstanding contribution to their community. Up to 20 people are honoured each year.",https://www.ontario.ca/page/honours-and-awards-community#section-2,Internal,Recreation,Honouring the elderly
Senior of the Year Award,"Find out how to name a senior. This award is presented by a municipality to honour an exceptional senior who, 
after the age of 65, enriches the social, cultural or civic life of his or her community.

",https://www.ontario.ca/page/honours-and-awards-community#section-3,Internal,Recreation,Honouring the elderly
Seniors' Month,"Learn about this special time as we honour the many contributions seniors have made to their communities across 
the province. Seniors' Month is celebrated every June.",https://www.ontario.ca/page/celebrating-seniors-ontario,Internal,Recreation,Honouring the elderly
"United Nations International 
Day of Older Persons","Learn more about this special day to honour the seniors who helped build our country and continue to make a valuable 
contribution to society. This day is celebrated every year on October 1st.",https://www.un.org/en/observances/older-persons-day,External,Recreation,Honouring the elderly
Make a power of attorney,Learn about appointing someone you trust to make important financial and health care decisions on your behalf. ,https://www.ontario.ca/page/make-power-attorney,Internal,Safety and security,Legal needs and services
Law Society of Ontario,Connect to a lawyer or licensed paralegal to help you determine your rights and options. ,https://lso.ca/public-resources/finding-a-lawyer-or-paralegal/law-society-referral-service?lang=en-ca,External,Safety and security,Legal needs and services
Legal Aid Ontario,"If you qualify financially and have a legal issue, get help paying for a lawyer to represent you. ",https://www.legalaid.on.ca/,External,Safety and security,Legal needs and services
ACE: Advocacy Centre for the Elderly  ,"If you’re 60 years and older, get help with legal services in the Greater Toronto Area, and outside of Toronto if the case is of significance to the seniors' community. ",https://www.acelaw.ca/,External,Safety and security,Legal needs and services
"CLEO: Community Legal Education 
Ontario  ","Find information to understand and exercise your legal rights, including family law, housing law, employment law, immigration law and more. ",https://www.cleo.on.ca/en,External,Safety and security,Legal needs and services
ARCH Disability Law Centre ,Get legal advice about disability rights law. ,https://archdisabilitylaw.ca/services/,External,Safety and security,Legal needs and services
HALCO: HIV & AIDS Legal Clinic Ontario ,"Find a variety of services through this non-profit organization, including free legal assistance if you are living with or affected by HIV/AIDS.  ",https://www.halco.org/,External,Safety and security,Legal needs and services
The Human Rights Code,"Learn how the Code was established to prohibit discrimination based on age in the areas of  employment, services, goods, facilities, housing accommodations and more. ",https://www.ohrc.on.ca/en/ontario-human-rights-code,External,Safety and security,Legal needs and services
Office of the Public Guardian and Trustee,"Learn how the Office of the Public Guardian and Trustee safeguards the legal, personal and financial interests of specific Ontarians and their estates. ",https://www.ontario.ca/page/office-public-guardian-and-trustee,Internal,Safety and security,Legal needs and services
Future Care,"Make choices while you are competent about how you wish to be cared for in the future (if you become incapable):  

  - read [what every older Canadian should know about planning for possible loss of independence](https://www.canada.ca/en/employment-social-development/corporate/seniors/forum/independence-loss-planning.html)  
  - find helpful tools, at [Advance Care Planning Ontario,](https://www.advancecareplanningontario.ca/)  and learn about the process of advance care planning 
  - contact a [local Alzheimer’s Society chapter](https://alzheimer.ca/en/help-support/find-your-areas-alzheimer-society) to see if they offer advance care planning seminars in your community 
  - print and fill-out [your substitute decision-maker wallet card](https://files.ontario.ca/advancedcare.walletcard.pdf) with important information in the event of an emergency ",,,Safety and security,Advance care planning
Organ and tissue donation,Register your consent for organ and tissue donation to help those waiting for a lifesaving organ transplant. ,https://beadonor.ca/,External,Safety and security,Advance care planning
Consumer Protection Ontario,"Before, during or after you make a purchase, learn your rights and find the information you need to know to protect yourself, including: 

  - [identifying a scam or fraud](https://www.ontario.ca/page/identify-scam-or-fraud)
  - [door-to-door sales and home service contracts](https://www.ontario.ca/page/door-door-sales-and-home-service-contracts)
  - [planning funerals and arrangement](https://www.ontario.ca/page/consumer-protection-when-planning-funeral-burial-cremation-or-scattering)",https://www.ontario.ca/page/consumer-protection-ontario,Internal,Safety and security,"Scams, fraud and consumer issues "
Canadian Anti-Fraud Centre,Find information on the impact of past and current scams affecting Canadians and report on fraud and cybercrimes. ,https://antifraudcentre-centreantifraude.ca/,External,Safety and security,"Scams, fraud and consumer issues "
Ontario Securities Commission,Protect yourself from fraud. Search for an individual or company to find out if they are registered before you invest. ,https://www.osc.ca/en/investors/check-before-you-invest,External,Safety and security,"Scams, fraud and consumer issues "
GetSmarterAboutMoney.ca  ,Get unbiased and independent financial tools to help you make better financial decisions. ,https://www.getsmarteraboutmoney.ca/,External,Safety and security,"scams, fraud and consumer issues "
Seniors Safety Line,"Talk to a counsellor for free and confidential emotional support if you are a senior experiencing abuse or neglect. Available in 
more than 200 languages. Toll-free: 1-866-299-1011. ",https://www.awhl.org/seniors,External,Safety and security,Elder abuse
Information about elder abuse,Learn more about the signs and types of elder abuse and what to do if you or someone you know is being abused. ,https://www.ontario.ca/page/information-about-elder-abuse,Internal,Safety and security,Elder abuse
Elder Abuse Prevention Ontario,Get support if you’ve been affected by abuse. Find information and webinars about elder abuse.,https://eapon.ca/,External,Safety and security,Elder abuse
Ontario Action Against Violence Against Women,"Learn how this Francophone feminist organization works to prevent violence against women, provides ongoing training for workers, develops French-language services and produces education and awareness materials in French. ",https://actionontarienne.ca//english/,External,Safety and security,Elder abuse
9-1-1,"In any emergency, call 9-1-1. Connect to police, fire and ambulance assistance.",,External,Safety and security,Prepare for emergencies
Get Prepared,"Learn how about the risks in your area, how create a household emergency plan and build an emergency kit. ",https://www.getprepared.gc.ca/index-en.aspx,External,Safety and security,Prepare for emergencies
Alert Ready: Emergency Alert System ,Check if your phone is compatible with receiving critical and potentially life-saving alerts. ,https://www.alertready.ca/,Internal,Safety and security,Prepare for emergencies
Emergency Management Ontario,"Learn how Ontario prepares for, and responds to, emergencies. Access resources to support emergency management and preparedness. ",https://www.ontario.ca/page/emergency-management,Internal,Safety and security,Prepare for emergencies
Public Safety Canada,"Learn how the Government of Canada works with other levels of government, first responders, community groups, the 
private sector and other nations on national security, border strategies, countering crime and emergency management issues and other Safety and security initiatives. ",https://www.publicsafety.gc.ca/index-en.aspx,External,Safety and security,Prepare for emergencies
BASSIC: Safe Seniors Calendar ,"Download the annual Safe Seniors Calendar. It gives you tips and suggestions to help you stay safe and active in your home 
and community. ",https://www.bassic.ca/,External,Safety and security,Prepare for emergencies
Fire prevention and protection ,"Learn how to protect your home, loved ones and property from the impacts of fire and find safety services in your community. ",https://www.ontario.ca/page/fire-prevention-and-protection,Internal,Safety and security,Prepare for emergencies