Titre de la ressource,Description de la ressource,URL de la ressource,Interne/Externe,Catégorie,Sous-catégorie
Organisme de soutien aux aidants naturels de l’Ontario,"Parcourez cette ressource complète pour obtenir des renseignements et un soutien, notamment par le biais d’une ligne d’assistance joignable 24 heures sur 24, 7 jours sur 7. Composez le 1 833 416-2273 ou clavardez en ligne. ",https://ontariocaregiver.ca/fr/pour-aidants-naturels/,Externe,la prestation de soins,Soutien aux aidants naturels 
Soutien à domicile et en milieu communautaire ,Découvrez comment obtenir de l’aide pour des membres de votre famille ou des patients qui ont besoin d’un soutien à domicile. ,https://www.ontario.ca/fr/page/soins-domicile-en-milieu-communautaire,Interne,la prestation de soins,Soutien aux aidants naturels 
Soins de relève,"Si vous êtes une aidante naturelle ou un aidant naturel, demandez une relève pour prendre une pause. En votre absence, soit une préposée ou un préposé aux services de soutien à la personne soit une professionnelle ou un professionnel de soins de santé peut fournir des services par le biais de l’Assurance-santé de l’Ontario. ",https://www.ontario.ca/fr/page/soins-de-releve,Interne,la prestation de soins,Soutien aux aidants naturels 
Crédit d’impôt pour personnes handicapées,Obtenez un crédit d’impôt si vous soutenez des membres de votre famille ayant une déficience grave et prolongée. ,https://www.canada.ca/fr/agence-revenu/services/impot/particuliers/segments/deductions-credits-impot-personnes-handicapees/credit-impot-personnes-handicapees.html,Externe,la prestation de soins,Crédits d’impôt 
Crédit d’impôt pour frais médicaux ,"Obtenez un crédit d’impôt si vous subvenez aux besoins de membres de votre famille et que vous avez payé des fournitures médicales, des soins dentaires ou des frais de déplacement. ",https://www.canada.ca/fr/agence-revenu/services/impot/particuliers/sujets/tout-votre-declaration-revenus/declaration-revenus/remplir-declaration-revenus/deductions-credits-depenses/lignes-33099-33199-frais-medicaux-admissibles-vous-pouvez-demander-votre-declaration-revenus.html,Externe,la prestation de soins,Crédits d’impôt 
Crédit canadien pour aidant naturel,Obtenez un crédit d’impôt non remboursable si vous subvenez soit aux besoins de votre conjointe ou conjoint en droit ou de fait soit à ceux d’une personne à charge ayant une déficience physique ou mentale. ,https://www.canada.ca/fr/agence-revenu/services/impot/particuliers/sujets/tout-votre-declaration-revenus/declaration-revenus/remplir-declaration-revenus/deductions-credits-depenses/montant-aidants-naturels.html,Externe,la prestation de soins,Crédits d’impôt 
Crédit d’impôt de l’Ontario pour les soins à domicile à l’intention des aînés,"Obtenez un crédit d’impôt si vous aidez des personnes âgées à revenu faible ou modeste à payer des frais médicaux admissibles, notamment pour des prothèses auditives, des lits d’hôpitaux et des soins auxiliaires. ",https://www.ontario.ca/fr/page/credit-dimpot-de-lontario-pour-les-soins-domicile-lintention-des-aines,Interne,la prestation de soins,Crédits d’impôt 
Prestations aux aidants naturels,"Si vous devez vous absenter du travail pour fournir des soins ou apporter du soutien à une personne de votre famille gravement malade ou blessée qui présente un risque élevé de décès, vous pourriez être admissible à ces prestations.  

Congés familiaux 

Obtenez un congé non payé avec protection de l’emploi pour fournir des soins ou apporter du soutien à des membres de votre famille ou à d’autres personnes admissibles. 

Congé familial pour les aidants naturels  

Congé familial pour raison médicale  

 

Autres renseignements en matière d’impôts et de prestations 

Trouvez des crédits d’impôt, des incitatifs et des prestations qui vous aideront à vous occuper d’autres personnes : 

Impôts et avantages fiscaux au Canada  

Impôts et avantages fiscaux en Ontario  ",https://www.canada.ca/fr/services/prestations/ae/proches-aidants.html,Externe,la prestation de soins,Prestations d’emploi 
Que faire lorsque quelqu’un décède ,Trouvez les réponses à des questions courantes sur les formalités à remplir et le soutien offert lorsqu’une personne proche décède en Ontario. ,https://www.ontario.ca/fr/page/que-faire-lorsque-quelquun-decede,Interne,la prestation de soins,Décisions relatives à la fin de vie
Funérailles et dispositions ,"Renseignez-vous sur la planification de funérailles, d’un enterrement, d’une crémation ou d’une dispersion et apprenez quoi faire si vous découvrez un lieu de sépulture. ",https://www.ontario.ca/fr/page/protection-du-consommateur-pour-les-services-funeraires,Interne,la prestation de soins,Décisions relatives à la fin de vie
Fonds du Souvenir,Découvrez comment les anciens combattants admissibles peuvent obtenir des funérailles et une inhumation dans la dignité ainsi qu’une pierre tombale militaire. ,https://www.lastpostfund.ca/fr/accueil/,Externe,la prestation de soins,Décisions relatives à la fin de vie
Bereavement Authority of Ontario (site en anglais seulement) ,"Découvrez vos possibilités et vos droits et renseignez-vous sur les funérailles, l’inhumation, la crémation et l’aquamation. ",https://thebao.ca/,Externe,la prestation de soins,Décisions relatives à la fin de vie
Bereaved Families of Ontario (site en anglais seulement) ,"Trouvez des programmes de soutien individuel ou collectif gratuits à l’intention des personnes endeuillées, dans un milieu ouvert ou fermé. ",https://bereavedfamilies.net/,Externe,la prestation de soins,Décisions relatives à la fin de vie
Décès à l’extérieur du Canada,Découvrez quoi faire si une personne décède dans un autre pays. ,https://voyage.gc.ca/assistance/info-d-urgence/deces-a-l-etranger,Externe,la prestation de soins,Décisions relatives à la fin de vie
Gérer les finances d’une personne décédée ,"À titre d’exécutrice ou exécuteur testamentaire d’une personne décédée, vous devez remplir les formalités suivantes : 

indiquer à l’ARC la date de son décès 

remplir un formulaire d’impôt en son nom  

annuler ses pensions et ses prestations 

informer ses banques et ses institutions financières de son décès 

annuler sa pièce d’identité et ses permis du gouvernement 

informer ses clubs, ses organismes, ses services et ses associations professionnelles de son décès ",https://www.canada.ca/fr/agence-revenu/services/impot/particuliers/evenements-vie/faire-impots-personne-decedee.html,Externe,la prestation de soins,Testaments et successions
Administration de la succession ,"Découvrez comment les actifs et les passifs d’une personne sont gérés après son décès, notamment ce qui se passe si elle meurt avec ou sans testament. ",https://www.ontario.ca/fr/page/administration-de-la-succession,Interne,la prestation de soins,Testaments et successions
Certificat de décès de l’Ontario ,"Lorsqu’une personne décède en Ontario, vous pouvez demander ce certificat et l’utiliser pour régler une succession, accéder à des prestations ou annuler certains services gouvernementaux. ",https://www.ontario.ca/fr/page/comment-obtenir-en-ligne-un-certificat-de-deces,Interne,la prestation de soins,Testaments et successions
"Services de soutien à domicile 
et en milieu communautaire",Trouvez un fournisseur de services de transport local qui pourra vous aider si vous avez besoin d’aide ou que vous n’avez pas d’autres choix. ,https://www.healthcareathome.ca/fr/trouver-un-bureau-local/,Externe,la conduite et le transport,Services de transport 
Programme de subventions accordées aux résidents du Nord de l’Ontario pour frais de transport à des fins médicales,Obtenez une aide financière pour couvrir vos frais si vous vivez dans le Nord de l’Ontario et que vous devez parcourir des distances importantes afin d’accéder à des services médicaux spécialisés. ,https://www.health.gov.on.ca/fr/public/publications/ohip/northern.aspx,Externe,la conduite et le transport,Services de transport 
Remise de GO Transit,Obtenez une remise sur vos trajets en train ou en bus si vous avez au moins 65 ans. ,https://www.gotransit.com/fr/voyager-avec-nous/personnes-agees,Externe,la conduite et le transport,Services de transport 
Services de santé non assurés pour les Premières Nations et les Inuits,"Obtenez une couverture pour transport sanitaire et médical. 

Services de conducteurs bénévoles 

Trouvez des services de conducteurs bénévoles dans votre région grâce à :  

la Croix-Rouge canadienne  

votre filiale de la Légion royale canadienne  

un Programme des centres de vie active pour personnes âgées ",https://www.sac-isc.gc.ca/fra/1572537161086/1572537234517,Externe,la conduite et le transport,Services de transport 
211 Ontario,"Recherchez dans votre région : 

des transports publics 

des services d’autobus et de transport en commun adapté 

des organismes qui fournissent des services de transport ",https://211ontario.ca/?_gl=1%2A1rsprgh%2A_ga%2ANDc1MjE5OTMxLjE2MDgzMjUzMTY.%2A_ga_HLLEK4SB6V%2AMTY3MzU1MDMxOS41LjEuMTY3MzU1MTYwNy4wLjAuMA..,Externe,la conduite et le transport,Services de transport 
Renouvellement d’un permis de conduire ,"Si vous avez moins de 80 ans, vous devez renouveler votre permis de conduire tous les 5 ans. Découvrez la procédure à suivre. ",https://www.ontario.ca/fr/page/renouveler-permis-de-conduire,Interne,la conduite et le transport,Renouvellement d’un permis de conduire 
Renouvellement d’un permis de conduire pour les personnes âgées d’au moins 80 ans ,"Après l’âge de 80 ans, vous devez renouveler votre permis de conduire tous les 2 ans. Découvrez la procédure à suivre. ",https://www.ontario.ca/fr/page/renouvellement-dun-permis-de-conduire-de-categorie-g-personnes-agees,Interne,la conduite et le transport,Renouvellement d’un permis de conduire 
Centres Test au Volant ,Cherchez un centre près de chez vous et réservez votre examen de la vue ainsi que vos examens théorique et pratique pour tous les types de permis.  ,https://drivetest.ca/fr/,Externe,la conduite et le transport,Renouvellement d’un permis de conduire 
Rappels numériques de ServiceOntario ,"Recevez des rappels gratuits lorsqu’il est temps de renouveler votre permis de conduire, votre plaque d’immatriculation, votre carte Santé ou votre carte-photo de l’Ontario. Service disponible par courriel, par message texte ou par téléphone. ",https://www.ontario.ca/fr/page/recevoir-rappels-renouvellement-serviceontario,Interne,la conduite et le transport,Renouvellement d’un permis de conduire 
Permis de stationnement accessible ,"Découvrez comment demander un nouveau permis de stationnement accessible, obtenir un permis de voyageur ou un permis d’entreprise, remplacer un permis perdu ou volé ou endommagé ou modifier les renseignements sur votre permis. ",https://www.ontario.ca/fr/page/obtenir-un-permis-de-stationnement-accessible,Interne,la conduite et le transport,Permis de véhicule et plaques d’immatriculation 
Plaques d’immatriculation pour anciens combattants ,Renseignez-vous sur les plaques d’immatriculation pour anciens combattants avec graphique et obtenez le formulaire nécessaire pour en faire la demande. ,https://www.ontario.ca/fr/page/plaque-dimmatriculation-personnalisee%23section-5#section-5,Interne,la conduite et le transport,Permis de véhicule et plaques d’immatriculation 
Trousse d’information sur les véhicules d’occasion (TIVO) ,"Découvrez comment commander une TIVO, qui contient la description d’un véhicule et son historique en Ontario. La loi exige que vous la remettiez à l’acheteur lorsque vous vendez un véhicule d’occasion. ",https://www.ontario.ca/fr/page/trousse-dinformation-sur-les-vehicules-doccasion,Interne,la conduite et le transport,Achat ou vente d’un véhicule
Conseil canadien de la sécurité : cours de recyclage en conduite automobile 55 ans au volant,"Si vous avez au moins 55 ans, suivez ce cours de conduite pour faire face aux problèmes de conduite liés à l’âge, revoir les règles de conduite et apprendre les principales causes de collision. ",https://canadasafetycouncil.org/produit/55-ans-au-volant/?lang=fr,Externe,la conduite et le transport,Cours de conduite pour personnes âgées 
Association canadienne des automobilistes : trousse d’information destinée aux conducteurs âgés,"Lisez cette trousse d’information destinée aux personnes âgées et à leurs proches. Elle vous permettra d’évaluer votre aptitude à conduire, de garder confiance au volant et de modifier certaines habitudes de conduite, si nécessaire. ",https://www.caa.ca/fr/conduite-securitaire/conducteurs-ages/,Externe,la conduite et le transport,Cours de conduite pour personnes âgées 
Emploi Ontario ,Trouvez un fournisseur de services de transport local qui pourra vous aider si vous avez besoin d’aide ou que vous n’avez pas d’autres choix. ,https://www.healthcareathome.ca/fr/trouver-un-bureau-local/,Externe, l’emploi et l’apprentissage ,Travailler en Ontario 
Partenariats pour la création d’emplois de l’Ontario | ontario.ca,Participez à des projets qui vous permettront d’acquérir des compétences ainsi qu’une expérience professionnelle en vue d’accroître vos chances de trouver un emploi de longue durée. ,https://www.ontario.ca/fr/page/partenariats-pour-la-creation-demplois-de-lontario,Interne, l’emploi et l’apprentissage ,Travailler en Ontario 
Meilleurs Emplois Ontario  ,"Trouvez une formation axée sur des compétences et une aide financière si vous êtes dans l’une des situations suivantes : 

Je ne travaille plus depuis mon licenciement. 

J’ai un emploi temporaire, qui me permet tout juste de couvrir mes dépenses, depuis mon licenciement. 

Je n’ai pas d’emploi depuis au moins six mois et je fais partie d’un ménage à revenu faible. ",https://www.ontario.ca/fr/page/meilleurs-emplois-ontario,Interne, l’emploi et l’apprentissage ,Travailler en Ontario 
Exercer votre profession ou votre métier ,"Découvrez comment continuer à exercer votre profession ou votre métier si vous avez suivi votre formation dans un autre pays. 

Obtenez les qualifications dont vous avez besoin pour exercer votre profession ou votre métier en Ontario par l’entremise des programmes suivants : 

Programme de formation relais de l’Ontario 

Évaluation de l’équivalence professionnelle 

ProfessionsSantéOntario 

Expérience Globale Ontario ",https://www.ontario.ca/fr/page/exercer-votre-profession-ou-votre-metier,Interne, l’emploi et l’apprentissage ,Travailler en Ontario 
Loi sur les normes d’emploi (LNE) ,"Renseignez-vous sur les droits que cette loi vous garantit concernant notamment le salaire minimum, le plafonnement des heures de travail, le licenciement, l’indemnité de cessation d’emploi et les vacances. ",https://www.ontario.ca/fr/document/votre-guide-de-la-loi-sur-les-normes-demploi-0,Interne, l’emploi et l’apprentissage ,Travailler en Ontario 
Formation continue ,"Trouvez des programmes et des cours d’éducation à même de répondre à vos objectifs en matière d’apprentissage et de formation professionnelle : 

conseils scolaires publics  

universités 

collèges 

OntarioLearn  ",https://www.ontario.ca/fr/page/faire-des-etudes-en-ontario,Interne, l’emploi et l’apprentissage ,Éducation permanente 
Centre d’études indépendantes TVO,Trouvez des cours d’école secondaire en ligne souples et abordables ainsi que le soutien personnel dont vous avez besoin pour atteindre vos objectifs d’apprentissage.  ,https://www.ilc.org/,Externe, l’emploi et l’apprentissage ,Éducation permanente 
Régime d’encouragement à l’éducation permanente,Découvrez comment retirer de l’argent de vos régimes enregistrés d’épargne-retraite pour financer vos études à temps plein ou celles de votre conjointe ou conjoint en droit ou de fait. ,https://www.canada.ca/fr/agence-revenu/services/formulaires-publications/publications/rc4112/regime-encouragement-a-education-permanente-reep-compris-formulaire-rc96.html,Externe, l’emploi et l’apprentissage ,Éducation permanente 
Third Age Network: An association of lifelong learning groups in Ontario (site en anglais seulement) ,"Rejoignez ou lancez un groupe d’apprentissage pour aînés. Faites-vous de nouveaux amis et apprenez dans un milieu social convivial. 

Formation en informatique 

Trouvez des séances ponctuelles ou des ateliers qui vous permettront d’améliorer vos compétences technologiques et numériques dans votre collectivité : 

Bibliothèques publiques 

211 Ontario 

Programmes des centres de vie active pour personnes âgées  ",https://thirdagenetwork.ca/,Externe, l’emploi et l’apprentissage ,Éducation permanente 
Conseil des arts de l’Ontario,Découvrez les types de subventions auxquels vous êtes admissible et la manière de présenter une demande. ,https://www.arts.on.ca/accueil?lang=fr-ca,Externe, l’emploi et l’apprentissage ,Éducation permanente 
Pour les personnes immigrées ou réfugiées : ,"Les organismes d’aide à l’établissement peuvent vous aider à trouver les services dont vous avez besoin pour vous établir en Ontario. 

Consultez la section « Services près de chez vous » d’Etablissement.Org  pour trouver des organismes communautaires dans votre collectivité. 

Vous pouvez suivre des cours de français et d’anglais axés sur l’emploi et la poursuite d’études. 

Le MOFIF (Mouvement Ontarien des Femmes Immigrantes Francophones)  cherche à améliorer la situation des filles et des femmes immigrées francophones et à favoriser leur intégration ainsi que leur participation active dans toutes les sphères de la société. ",,, l’emploi et l’apprentissage ,Services aux nouveaux arrivants 
,"Si vous êtes une personne âgée à revenu faible ou modeste, vous pourriez être admissible aux offres suivantes : 

Prestation Trillium de l’Ontario – paiement non imposable qui vous aide à assumer vos coûts énergétiques, la taxe de vente et l’impôt foncier. 

Subvention ontarienne aux personnes âgées propriétaires pour l’impôt foncier – paiement pouvant atteindre jusqu’à 500 $ et destiné à vous aider à payer l’impôt foncier. 

Crédit d’impôt de l’Ontario pour les soins à domicile à l’intention des aînés – crédit d’impôt visant à contribuer au paiement de certains frais médicaux, y compris des dépenses qui permettent de vieillir à domicile, notamment pour des prothèses auditives, des lits d’hôpitaux et des soins auxiliaires. 

Crédit d’impôt aux personnes âgées pour le transport en commun – crédit d’impôt destiné à vous aider à payer vos frais de transport en commun. 

Programme d’aide aux impayés d’énergie  – programme qui vous apporte une aide d’urgence pouvant atteindre jusqu’à 500 $ pour vos factures d’électricité (600 $ en cas de chauffage électrique) et 500 $ pour vos factures de gaz naturel.  

Programme ontarien d’aide relative aux frais d’électricité – réduction sur votre facture d’électricité.  

Si vous êtes une personne âgée ou que vous vivez avec une personne âgée, vous pourriez être admissible au crédit d’impôt aux aînés pour la sécurité à domicile. C’est un crédit d’impôt sur le revenu personnel qui est remboursable et peut vous aider à rendre votre domicile plus sécuritaire et plus accessible, vous permettant ainsi d’y rester plus longtemps (disponible pour les années d’imposition 2021 et 2022). ",,,les finances ,Crédits d’impôt 
ARC : Agence du revenu du Canada,"L’ARC applique : 

les lois fiscales pour le gouvernement du Canada et la plupart des provinces et des territoires 

des programmes sociaux et économiques offerts par le système fiscal ",https://www.canada.ca/fr/agence-revenu.html,Externe,les finances ,Crédits d’impôt 
Charte des droits du contribuable,"Renseignez-vous sur le traitement auquel vous avez droit lorsque vous faites affaire avec l’ARC. En tant que contribuable, vous devez bénéficier d’un traitement professionnel, courtois et équitable.  ",https://www.canada.ca/fr/agence-revenu/services/formulaires-publications/publications/rc17/charte-droits-contribuable-comprendre-vos-droits-tant-contribuable.html,Externe,les finances ,Crédits d’impôt 
Sécurité de la vieillesse,Cette pension garantit un paiement mensuel aux Canadiennes et Canadiens d’au moins 65 ans qui sont admissibles. ,https://www.canada.ca/fr/services/prestations/pensionspubliques/rpc/securite-vieillesse.html,Externe,les finances ,Pensions et autres prestations 
Supplément de revenu garanti,"Renseignez-vous sur ce supplément de revenu destiné aux personnes âgées à revenu faible qui vivent au Canada et touchent la pension de Sécurité de la vieillesse. L’inscription est automatique, mais vous devrez peut-être faire une demande dans certains cas. 

Prestations à l’intention des conjoints en droit ou de fait 

Découvrez si votre conjointe ou conjoint en droit ou de fait peut recevoir l’Allocation du Supplément de revenu garanti  ou l’Allocation au survivant . ",https://www.canada.ca/fr/services/prestations/pensionspubliques/rpc/securite-vieillesse/supplement-revenu-garanti.html,Externe,les finances ,Pensions et autres prestations 
Pension de retraite du Régime de pensions du Canada (RPC),"Demandez cette prestation mensuelle imposable qui assure un remplacement partiel de votre revenu au moment de la retraite. Si vous cotisez au RPC et que vous êtes admissible, vous recevrez cette pension pour le reste de votre vie.  ",https://www.canada.ca/fr/services/prestations/pensionspubliques/rpc.html,Externe,les finances ,Pensions et autres prestations 
Prestations d’invalidité du RPC,"Demandez des prestations mensuelles si vous avez cotisé au RPC, que vous avez moins de 65 ans et que vous ne pouvez pas travailler en raison d’une invalidité. ",https://www.canada.ca/fr/services/prestations/pensionspubliques/rpc/prestation-invalidite-rpc.html,Externe,les finances ,Pensions et autres prestations 
Pension de survivant du RPC,Ce paiement mensuel est versé à la conjointe ou au conjoint en droit ou de fait d’une personne décédée qui a cotisé au RPC.  ,https://www.canada.ca/fr/services/prestations/pensionspubliques/rpc/rpc-pension-survivant.html,Externe,les finances ,Pensions et autres prestations 
Prestation de décès du RPC,Ce paiement ponctuel est versé à la succession ou à d’autres personnes admissibles au nom d’une personne décédée qui a cotisé au RPC.  ,https://www.canada.ca/fr/services/prestations/pensionspubliques/rpc/prestation-rpc-deces.html,Externe,les finances ,Pensions et autres prestations 
Prestations d’enfants du RPC,Renseignez-vous sur la prestation mensuelle que peuvent recevoir les enfants à charge de moins de 25 ans d’une personne décédée qui a cotisé au RPC. ,https://www.canada.ca/fr/services/prestations/pensionspubliques/rpc/prestation-rpc-enfant.html,Externe,les finances ,Pensions et autres prestations 
Partage des pensions du RPC,Découvrez comment partager votre pension avec votre conjointe ou conjoint en droit ou de fai,https://www.canada.ca/fr/services/prestations/pensionspubliques/rpc/rpc-partage.html,Externe,les finances ,Pensions et autres prestations 
Les accords internationaux de sécurité sociale et le RPC,"Si vous êtes employeur et que vous envoyez des employés à l’étranger ou si vous êtes travailleuse ou travailleur autonome, que vous offrez des services à l’étranger et que vous cotisez au RPC, les accords internationaux de sécurité sociale peuvent aider votre entreprise.",https://www.canada.ca/fr/agence-revenu/services/impot/decisions-concernant-regime-pensions-canada-rpc-assurance-emploi-ae/accords-internationaux-securite-sociale-regime-pensions-canada.html,Externe,les finances ,Pensions et autres prestations 
Prestations d’assurance-emploi et congés,Renseignez-vous sur les prestations et les congés auxquels ont droit les travailleurs malades ou prodiguant des soins à une personne proche. Découvrez comment présenter une demande et soumettre une déclaration. ,https://www.canada.ca/fr/services/prestations/ae.html,Externe,les finances ,Pensions et autres prestations 
Régime de revenu annuel garanti (RRAG) ,Recevez un paiement mensuel non imposable si vous êtes une personne âgée à revenu faible et que vous êtes admissible. ,https://www.ontario.ca/fr/page/paiements-du-regime-de-revenu-annuel-garanti-pour-les-personnes-agees,Interne,les finances ,Pensions et autres prestations 
Service Canada,Découvrez un large éventail de services et de prestations du gouvernement du Canada. ,https://www.canada.ca/fr/emploi-developpement-social/ministere/portefeuille/service-canada.html,Externe,les finances ,Pensions et autres prestations 
Comprendre vos impôts,Découvrez le fonctionnement du régime fiscal canadien. ,https://www.canada.ca/fr/agence-revenu/services/impot/particuliers/programmes-educatifs.html,Externe,les finances ,Produire votre déclaration de revenus 
Produire votre déclaration de revenus ,"Renseignez-vous sur la production de votre déclaration de revenus et de prestations des particuliers. Vous pouvez préparer et produire votre déclaration de revenus avec l’ARC :  

La page Aide à la production des déclarations des particuliers  vous permet de faire vos impôts par téléphone si vous êtes admissible à ce service. 

IMPÔTNET TPS/TVH  vous permet de produire des déclarations de la TPS/TVH et des demandes de remboursement. 

Dans le cadre du Programme communautaire des bénévoles en matière d’impôt , des organismes communautaires tiennent des comptoirs d’information fiscale gratuits où des bénévoles peuvent remplir vos déclarations de revenus si vous avez un revenu modeste et une situation fiscale simple.  ",https://www.ontario.ca/fr/page/produire-votre-declaration-de-revenus,Interne,les finances ,Produire votre déclaration de revenus 
FP Canada,Cherchez une conseillère ou un conseiller en planification financière dans votre région ou vérifiez-en l’agrément. ,https://www.fpcanada.ca/findaplanner,Externe,les finances ,Planification financière 
Régime enregistré d’épargne-retraite (REER),Découvrez comment un régime d’épargne auquel vous avez cotisé tout au long de votre vie professionnelle peut vous aider à économiser en vue de votre retraite. Les REER présentent également des prestations et des avantages fiscaux spéciaux qui peuvent vous aider avant votre retraite. ,https://www.canada.ca/fr/agence-revenu/services/impot/particuliers/sujets/reer-regimes-connexes.html,Externe,les finances ,Planification financière 
Fonds enregistré de revenu de retraite (FERR),"Découvrez comment des dispositions que vous avez prises avec un émetteur (une compagnie d’assurance, une société de fiducie ou une banque) peuvent vous permettre de tirer un revenu de vos autres investissements et économies. ",https://www.canada.ca/fr/agence-revenu/services/impot/particuliers/sujets/fonds-enregistre-revenu-retraite-ferr.html,Externe,les finances ,Planification financière 
Compte d’épargne libre d’impôt (CELI),"Renseignez-vous sur ce type de compte bancaire qui vous permet de mettre de l’argent de côté au cours de votre vie, lequel est non imposable.  ",https://www.canada.ca/fr/agence-revenu/services/impot/particuliers/sujets/compte-epargne-libre-impot.html,Externe,les finances ,Planification financière 
Régime d’encouragement à l’éducation permanente (REEP),Renseignez-vous sur ce régime qui vous permet de retirer jusqu’à 10 000 $ de vos REER par année civile pour financer soit votre formation ou vos études soit celles de votre conjointe ou conjoint en droit ou de fait.  ,https://www.canada.ca/fr/agence-revenu/services/impot/particuliers/sujets/reer-regimes-connexes/regime-encouragement-a-education-permanente.html,Externe,les finances ,Planification financière 
GérezMieuxVotreArgent.ca,Trouvez des outils impartiaux et indépendants qui vous aideront à prendre de meilleures décisions en matière de finances. ,https://www.gerezmieuxvotreargent.ca/,Externe,les finances ,Planification financière 
Aide sociale ,Découvrez comment obtenir une aide financière et une aide à l’emploi si vous n’avez pas assez d’argent pour faire face notamment à vos dépenses d’alimentation et de logement ou que vous avez un handicap et vous éprouvez des difficultés financières. ,https://www.ontario.ca/fr/page/aide-sociale,Interne,les finances ,Aide financière 
Marche des dix sous du Canada : programme d’adaptation des habitations et des véhicules,Obtenez un financement pour procéder à des adaptations de base de votre habitation ou de votre véhicule en cas de mobilité réduite. ,https://www.marchofdimes.ca/fr-ca/Programmes/ma/avd,Externe,les finances ,Aide financière 
Crédit d’impôt pour frais médicaux,Obtenez un crédit d’impôt si vous avez engagé des frais médicaux importants pour vous‑mêmes ou pour des personnes à votre charge. ,https://www.canada.ca/fr/agence-revenu/services/impot/renseignements-techniques/impot-revenu/folios-impot-revenu/serie-1-particuliers/folio-1-soins-sante-soins-medicaux/folio-impot-revenu-s1-f1-c1-credit-impot-frais-medicaux.html,Externe,les finances ,Aide financière 
Anciens Combattants Canada,Trouvez des services et des prestations spécifiques pour améliorer votre bien-être si vous ou une personne de votre famille faites ou avez fait partie des FAC ou de la GRC. ,https://www.veterans.gc.ca/fra,Externe,les finances ,Pour les anciens combattants 
Bureau de services juridiques des pensions,Obtenez des conseils et une représentation juridiques sans frais qui peuvent vous aider concernant la révision ou l’appel d’une décision relative aux prestations d’invalidité rendue par Anciens Combattants Canada. ,https://www.veterans.gc.ca/fra/veterans-rights/how-to-appeal/bureau-pensions-advocates,Externe,les finances ,Pour les anciens combattants 
Allocation aux anciens combattants,Cette prestation mensuelle non imposable vise à aider les anciens combattants à revenu faible et leurs personnes à charge ou leurs survivants. ,https://www.veterans.gc.ca/fra/financial-support/income-support/war-veterans-allowance,Externe,les finances ,Pour les anciens combattants 
Commission d’aide aux anciens combattants ,Renseignez-vous sur cette commission et la manière dont elle apporte une aide financière aux anciens combattants admissibles et à leurs familles en cas de difficultés financières. ,https://www.ontario.ca/fr/page/commission-daide-aux-anciens-combattants,Interne,les finances ,Pour les anciens combattants 
Légion royale canadienne : Caisse de secours,"Découvrez comment ce fonds apporte une aide d’urgence visant à répondre à des besoins de base, tels que l’alimentation, le logement et les soins médicaux, pour les anciens combattants et leurs personnes à charge.  ",https://www.on.legion.ca/veterans-seniors/service-officers/benevolent-funds,Externe,les finances ,Pour les anciens combattants 
Health811,"Trouvez des soins de santé 24 h/24, 7 j/7 en ligne, par téléphone ou par clavardage : 

Trouvez un fournisseur de services et de soins de santé  

Téléphone : 811  
ATS : 1 866 797-0007 

Clavarder en ligne 

Assurance-santé de l’Ontario 

Demandez l’aide de l’Assurance-santé de l’Ontario pour régler certains services de santé. 

S’inscrire à l’Assurance-santé de l’Ontario 

Documents nécessaires pour obtenir une carte Santé 

Services couverts par l’Assurance-santé 

Assurance-santé Plus 

Renouveler une carte de Santé 

Vérification de la prise en charge des médicaments 

Obtenez une couverture temporaire valable dans une autre province ou un autre territoire du Canada ou à l’extérieur du Canada. ",https://health811.ontario.ca/static/fr-ca/guest/home,Externe,la santé et le bien-être,Options de soins de santé 
Bureaux de santé publique,"Découvrez comment obtenir des renseignements de la part de professionnels pour adopter des habitudes de vie saines, notamment en matière de sexualité, de vaccination, de toxicomanie ou encore de croissance et de développement. ",https://www.ontario.ca/fr/page/bureaux-de-sante,Interne,la santé et le bien-être,Options de soins de santé 
Services de santé mentale et de toxicomanie,"Obtenez un soutien gratuit et confidentiel concernant la dépression, l’anxiété, la toxicomanie, le jeu et d’autres problèmes dans votre collectivité. ",https://www.ontario.ca/fr/page/services-de-sante-mentale,Interne,la santé et le bien-être,Options de soins de santé 
Services pour les personnes et les familles autochtones ,"Découvrez des services en matière de santé, de guérison et de bien-être, notamment des services de counseling ou de défense des droits, des programmes de jour et en résidence ainsi que des services d’aiguillage et de traduction. ",https://www.ontario.ca/fr/page/programmes-et-services-pour-ameliorer-la-sante-la-guerison-et-le-bien-etre-des-personnes-et-des,Interne,la santé et le bien-être,Options de soins de santé 
Centres d’accès aux services de santé pour les Autochtones,Trouvez une liste d’établissements de soins de santé primaires pour les communautés des Premières Nations ainsi que les communautés métisses et inuites.  ,https://www.allianceon.org/fr/CASSA,Externe,la santé et le bien-être,Options de soins de santé 
Provincial Geriatrics Leadership Ontario  (site en anglais seulement),"Trouvez un fournisseur de services gériatriques spécialisés près de chez vous. Ce type de fournisseur peut offrir des soins de santé directs, renforcer les capacités et se mobiliser en faveur des services destinés aux personnes âgées.    ",https://geriatricsontario.ca/,Externe,la santé et le bien-être,Options de soins de santé 
Santé arc-en-ciel Ontario,Trouvez un fournisseur de services et des renseignements sur la santé et le bien-être des personnes 2SLGBTQIA+. ,https://www.rainbowhealthontario.ca/fr/accueil/,Externe,la santé et le bien-être,Options de soins de santé 
211 Ontario,Cherchez des options de soins de santé et des programmes de soutien près de chez vous,https://211ontario.ca/recherche/,Externe,la santé et le bien-être,Options de soins de santé 
Services de soutien à domicile et en milieu communautaire,Trouvez un fournisseur de services de soutien à domicile et en milieu communautaire près de chez vous afin d’évaluer vos besoins et de bénéficier de services visant à soutenir votre santé et votre bien-être. ,https://www.healthcareathome.ca/fr/pour-commencer/,Externe,la santé et le bien-être,Services de soutien à domicile et en milieu communautaire 
Trouver un service de santé grâce à Health811,"Utilisez notre outil de recherche pour trouver des médecins, des infirmiers praticiens, des spécialistes ou des fournisseurs de services de santé pour vous et votre famille. 

Vous pouvez également vous adresser aux institutions suivantes : 

Le répertoire de l’Ordre des médecins et chirurgiens de l’Ontario  fournit directement des renseignements sur les médecins inscrits en Ontario. 

Inscrivez-vous sur Accès Soins  pour que l’on vous trouve soit un médecin soit une infirmière praticienne ou un infirmier praticien qui accepte de nouveaux patients dans votre collectivité. 

ConnexOntario  offre des services de counseling et d’aiguillage en matière de santé mentale, de toxicomanie, d’alcoolisme et de jeu. ",https://health811.ontario.ca/static/fr-ca/guest/find-a-service,Externe,la santé et le bien-être,Services de soutien à domicile et en milieu communautaire 
MedsCheck,Prenez un rendez-vous gratuit avec votre pharmacienne ou pharmacien pour vous assurer que vous prenez vos médicaments de manière correcte et sécuritaire. ,https://www.ontario.ca/fr/page/prenez-vos-medicaments-en-toute-securite,Interne,la santé et le bien-être,Services de soutien à domicile et en milieu communautaire 
Programme de médicaments de l’Ontario ,"Obtenez de l’aide pour payer vos médicaments d’ordonnance.  

Ce programme peut également vous aider à payer vos frais dans les cas suivants : 

Immunothérapie et produits d’épinéphrine injectables 

Produits de surveillance du diabète ou agents réactifs pour diabétiques 

Médicaments en vente libre  

Produits nutritionnels 

Médicaments utilisés pour traiter l’infection au VIH / le sida 

Médicaments utilisés en soins palliatifs 

Soutien et traitements pour cesser de fumer ",https://www.ontario.ca/fr/page/obtenez-une-prise-en-charge-pour-vos-medicaments-dordonnance,Interne,la santé et le bien-être,Services de soutien à domicile et en milieu communautaire 
Programme de la quote-part pour les personnes âgées,"Renseignez-vous sur ce programme mis en œuvre dans cadre du Programme de médicaments de l’Ontario, qui vous aide à payer vos médicaments d’ordonnance. ",https://www.ontario.ca/fr/page/obtenez-une-prise-en-charge-pour-vos-medicaments-dordonnance%22%20/l%20%22https:/www.ontario.ca/fr/page/obtenez-une-prise-en-charge-pour-vos-medicaments-dordonnance,Interne,la santé et le bien-être,Services de soutien à domicile et en milieu communautaire 
Programme de médicaments Trillium,Obtenez une remise sur les médicaments d’ordonnance au coût élevé par rapport au revenu de votre ménage. ,https://www.ontario.ca/fr/page/obtenez-une-aide-pour-les-couts-eleves-des-medicaments-dordonnance,Interne,la santé et le bien-être,Services de soutien à domicile et en milieu communautaire 
Programme d’accès exceptionnel,Obtenez l’accès à des médicaments qui ne sont pas financés par le Programme de médicaments de l’Ontario ou pour qui aucune alternative n’est répertoriée.  ,https://www.health.gov.on.ca/fr/pro/programs/drugs/eap_mn.aspx,Externe,la santé et le bien-être,Services de soutien à domicile et en milieu communautaire 
Services de santé non assurés pour les Premières Nations et les Inuits,Obtenez une couverture pour une gamme de prestations de santé non couvertes par d’autres programmes ou régimes d’assurance. ,https://www.sac-isc.gc.ca/fra/1572537161086/1572537234517,Externe,la santé et le bien-être,Services de soutien à domicile et en milieu communautaire 
Programme pour l’autonomie des anciens combattants,Obtenez une aide financière non imposable pour payer des services de santé et de soutien offerts par des professionnels ainsi qu’un entretien ménager et des soins personnels. ,https://www.veterans.gc.ca/fra/housing-and-home-life/help-at-home/veterans-independence-program,Externe,la santé et le bien-être,Services de soutien à domicile et en milieu communautaire 
Programme ontarien de soins dentaires pour les aînés,Accédez gratuitement à des soins dentaires de routine si vous avez un revenu faible et au moins 65 ans. ,https://www.ontario.ca/fr/page/soins-dentaires-pour-aines-faible-revenu,Interne,la santé et le bien-être,Services de soutien à domicile et en milieu communautaire 
Programme d’appareils et accessoires fonctionnels,"Obtenez de l’aide pour payer l’équipement et les fournitures dont vous avez besoin en cas de déficience physique de longue durée, comme un fauteuil roulant et des prothèses auditives. ",https://www.ontario.ca/fr/page/programme-dappareils-accessoires-fonctionnels,Interne,la santé et le bien-être,Services de soutien à domicile et en milieu communautaire 
Counseling en matière de soins auditifs,Obtenez de l’aide pour faire face à une perte auditive si vous avez au moins 55 ans.  ,https://www.chs.ca/fr/service/counseling-en-matiere-de-soins-auditifs-pour-les-55-ans-et-plus,Externe,la santé et le bien-être,Services de soutien à domicile et en milieu communautaire 
Services d’ambulance,"Renseignez-vous sur les frais pris en charge par l’Assurance-santé de l’Ontario si vous avez besoin d’une ambulance en cas d’urgence médicale, en fonction des circonstances. ",https://www.health.gov.on.ca/fr/public/publications/ohip/amb.aspx,Externe,la santé et le bien-être,Services de soutien à domicile et en milieu communautaire 
Programme de subventions accordées aux résidents du Nord de l’Ontario pour frais de transport à des fins médicales,Obtenez une aide financière pour couvrir vos frais si vous vivez dans le Nord de l’Ontario et que vous devez parcourir des distances importantes afin d’accéder à des services médicaux spécialisés. ,https://www.health.gov.on.ca/fr/public/publications/ohip/northern.aspx,Externe,la santé et le bien-être,Services de soutien à domicile et en milieu communautaire 
Prévenir le diabète ou vivre avec cette maladie ,Renseignez-vous sur la manière de vivre avec le diabète. ,https://www.ontario.ca/fr/page/prevenir-le-diabete-ou-vivre-avec-cette-maladie,Interne,la santé et le bien-être,Services de soutien à domicile et en milieu communautaire 
Association Nationale Autochtone Diabète  (site en anglais seulement) ,Trouvez des programmes et des services de soutien et de prévention du diabète dans les communautés autochtones. ,https://nada.ca/programs-and-projects/,Externe,la santé et le bien-être,Services de soutien à domicile et en milieu communautaire 
Prévention et dépistage du cancer du côlon,"Renseignez-vous sur le cancer du côlon, notamment sur le moment où il est conseillé de passer un examen de dépistage, et obtenez des conseils pour réduire les risques. ",https://www.ontario.ca/fr/page/prevention-et-depistage-du-cancer-du-colon,Interne,la santé et le bien-être,Services de soutien à domicile et en milieu communautaire 
Évaluation de densité minérale osseuse (DMO),Découvrez si vous devriez effectuer une évaluation de DMO et comment cette dernière permet de déterminer si vous souffrez d’ostéoporose. ,https://osteoporosecanada.ca/devaluation-de-densite-minerale-osseuse/,Externe,la santé et le bien-être,Services de soutien à domicile et en milieu communautaire 
Trouvez du soutien en santé mentale,Renseignez-vous sur les soutiens disponibles et découvrez comment obtenir de l’aide en cas de besoin. ,https://www.ontario.ca/fr/page/trouvez-du-soutien-en-sante-mentale,Interne,la santé et le bien-être,Services de soutien à domicile et en milieu communautaire 
Centre de toxicomanie et de santé mentale (CAMH),Trouvez des programmes et des services pour personnes âgées toxicomanes ou atteintes de troubles mentaux.  ,https://www.camh.ca/fr/vos-soins/programmes-et-services,Externe,la santé et le bien-être,Services de soutien à domicile et en milieu communautaire 
ConnexOntario,"Accédez à des services de santé et des renseignements connexes si vous avez des problèmes de santé mentale, de toxicomanie ou de jeu. Disponible 24 heures sur 24, 7 jours sur 7, gratuit et confidentiel.  ",https://www.connexontario.ca/fr-ca/,Externe,la santé et le bien-être,Services de soutien à domicile et en milieu communautaire 
Centres de traitement de la toxicomanie pour les Premières Nations et les Inuits ,Trouvez les centres de traitement pour les personnes et les familles des Premières Nations et des Inuits affectées par la toxicomanie. ,https://www.sac-isc.gc.ca/fra/1576090254932/1576090371511#a5,Externe,la santé et le bien-être,Services de soutien à domicile et en milieu communautaire 
Aide pour cesser de fumer ,"Trouvez le soutien, les traitements et les astuces nécessaires pour vous aider à cesser de fumer.  ",https://www.ontario.ca/fr/page/aide-pour-cesser-de-fumer,Interne,la santé et le bien-être,Services de soutien à domicile et en milieu communautaire 
Téléassistance pour fumeurs,"Trouvez le soutien dont vous avez besoin pour cesser de fumer et de vapoter en ligne, par téléphone et dans votre collectivité. ",https://csl.cancer.ca/smokershelpline/fr,Externe,la santé et le bien-être,Services de soutien à domicile et en milieu communautaire 
Santé sexuelle Ontario,"Obtenez des renseignements sur la santé sexuelle, le VIH et le sida, l’hépatite C ainsi que les services d’échange d’aiguilles.  ",https://www.sexualhealthontario.ca/fr/accueil,Externe,la santé et le bien-être,Services de soutien à domicile et en milieu communautaire 
Ontario AIDS Network  (site en anglais seulement) ,"Parcourez un répertoire d’organismes communautaires spécialisés dans l’éducation, la sensibilisation, la prévention et la prestation de programmes en matière de VIH/sida.  ",https://ontarioaidsnetwork.ca/,Externe,la santé et le bien-être,Services de soutien à domicile et en milieu communautaire 
Réseau canadien d’info-traitements sida (CATIE),"Obtenez des renseignements, des ressources et une expertise sans parti pris afin de réduire la transmission du VIH ou de l’hépatite C et d’améliorer la qualité de vie des personnes atteintes, des communautés à risque, des fournisseurs de soins de santé et des organismes. ",https://www.catie.ca/catieca,Externe,la santé et le bien-être,Services de soutien à domicile et en milieu communautaire 
The Ontario HIV Treatment Network,Découvrez comment cet organisme s’attache à améliorer la santé et la vie des personnes infectées par le VIH ou susceptibles de l’être. ,https://www.ohtn.on.ca/,Externe,la santé et le bien-être,Services de soutien à domicile et en milieu communautaire 
Ombudsman des patients ,"Obtenez de l’aide avec une plainte concernant un organisme du secteur de la santé. L’ombudsman mènera une enquête, contribuera à résoudre le différend en question sans prendre parti et formulera des recommandations d’amélioration. ",https://www.ombudsmandespatients.ca/Accueil,Externe,la santé et le bien-être,Services de soutien à domicile et en milieu communautaire 
Vaccins et immunisation ,"Découvrez quand et comment vous faire vacciner pour vous protéger vous-même et les autres contre la grippe et les autres maladies évitables par la vaccination. 

Vaccination contre la grippe 

Vaccination des adultes 

Vaccination contre la COVID‑19 

Calendrier de vaccination systématique de l’Ontario  ",https://www.ontario.ca/fr/page/vaccins,Interne,la santé et le bien-être,Vaccination 
Programme Retrouvés sains et saufs,"Protégez-vous, vous-même ou une personne proche atteinte de la maladie d’Alzheimer ou d’une autre forme de démence, grâce à une inscription à ce programme d’identification. ",https://www.medicalert.ca/fr-ca/retrouves-sains-et-saufs,Externe,la santé et le bien-être,Maladie d’Alzheimer et démence 
Trouvez votre chemin,Apprenez à reconnaître les risques associés à l’égarement et à vous préparer en cas d’égarement d’une personne. ,https://www.findingyourwayontario.ca/fr/,Externe,la santé et le bien-être,Maladie d’Alzheimer et démence 
Initiative de promotion de l’exercice physique et de prévention des chutes ," Participez à des cours gratuits visant à préserver votre équilibre et votre force et à prévenir les chutes.  

Ressources destinées à réduire les risques : 

Recommandations concernant l’activité physique 

Prévenir les glissades, les trébuchements et les chutes dans les lieux de travail 

Chez soi en toute sécurité – Guide de sécurité des aînés 

Vous POUVEZ éviter les chutes! 

La sécurité dans les escaliers ",https://www.ontario.ca/fr/page/programmes-de-promotion-de-lexercice-physique-et-de-prevention-des-chutes,Interne,la santé et le bien-être,Prévention des chutes et des blessures
Trouver une ou un diététiste grâce à Health811,Trouvez une ou un diététiste pour obtenir des conseils gratuits en matière d’aliments et d’alimentation saine.  ,https://healthconnectontario.heahttps/healthconnectontario.health.gov.on.ca/static/fr-ca/guest/find-a-servicelth.gov.on.ca/static/guest/find-a-service,Externe,la santé et le bien-être,Nutrition 
Guide alimentaire canadien : une saine alimentation pour les aînés,"Découvrez pourquoi une alimentation saine est importante pour rester en bonne santé et en forme, ce qui vous permet de préserver votre autonomie et votre qualité de vie à un âge avancé. ",https://guide-alimentaire.canada.ca/fr/conseils-pour-alimentation-saine/aines/,Externe,la santé et le bien-être,Nutrition 
Les diététistes du Canada,Trouvez des ressources et des diététistes dans votre région pour faire des choix plus sains en matière d’alimentation. ,https://members.dietitians.ca/DCMember/s/find-dietitian?language=fr&utm_campaign=Find%20a%20Dietitian&utm_medium=secondary%20navigation&utm_source=DC%20Website,Externe,la santé et le bien-être,Nutrition 
Le logement en Ontario,Renseignez-vous sur les programmes conçus pour vous aider à disposer d’un domicile sûr et abordable. ,https://www.ontario.ca/fr/page/le-logement-en-ontario,Interne,le domicile et le logement ,Options de logement 
Logement en location viagère ,"Lisez ce guide pour vous renseigner sur la location viagère et décider si elle peut vous convenir, à vous ou à vos proches. ",https://www.ontario.ca/fr/document/logement-en-location-viagere,Interne,le domicile et le logement ,Options de logement 
Maisons de retraite,"Renseignez-vous sur les services offerts par les maisons de retraite si vous ou une personne proche pouvez vivre avec peu ou pas d’aide extérieure. Obtenez de l’aide pour en choisir une, faire une demande d’admission et connaître les coûts associés. ",https://www.ontario.ca/fr/page/trouver-une-maison-de-retraite,Interne,le domicile et le logement ,Options de logement 
Foyers de soins de longue durée,"Renseignez-vous sur les soins fournis par ces foyers si vous ou une personne proche avez des difficultés à vivre en autonomie. Obtenez de l’aide pour en choisir un, faire une demande et vous préparer à emménager. ",https://www.ontario.ca/fr/page/soins-de-longue-duree-en-ontario,Interne,le domicile et le logement ,Options de logement 
Logement avec services de soutien ,Découvrez les différentes options de logement avec services de soutien disponibles afin de choisir celle adaptée à vos besoins ou à ceux d’une personne proche. ,https://www.ontario.ca/page/supportive-housing-options,Interne,le domicile et le logement ,Options de logement 
Logement social (ou communautaire) ,Renseignez-vous sur les logements locatifs à coût réduit que le gouvernement propose aux ménages à revenu faible ou modeste. ,https://www.ontario.ca/fr/page/le-logement-en-ontario#section-2,Interne,le domicile et le logement ,Options de logement 
Coopérative d’habitation,Renseignez-vous sur les coopératives d’habitation de votre collectivité et sur la procédure de demande d’adhésion si vous souhaitez vivre dans un logement abordable contrôlé par des membres votants. ,https://fhcc.coop/a-propos-de-lhabitation-cooperative/trouver-une-cooperative-dhabitation/,Externe,le domicile et le logement ,Options de logement 
Communautés pour adultes (site en anglais seulement) ,Contactez l’agence immobilière près de chez vous pour en savoir plus sur la vie dans une communauté de personnes retraitées ou semi-retraitées ainsi que sur les activités récréatives et communautaires proposées sur place.  ,https://www.reco.on.ca/RegistrantSearch,Externe,le domicile et le logement ,Options de logement 
Programme de prévention de l’itinérance ,Renseignez-vous sur les programmes et les stratégies visant à prévenir l’itinérance et à aider les personnes sans-abri ou susceptibles de le devenir. ,https://www.ontario.ca/fr/page/lutte-contre-litinerance,Interne,le domicile et le logement ,Options de logement 
Trouver le gestionnaire de services de votre région,"Contactez le gestionnaire de services de votre région pour connaître les programmes de logement, l’aide à la location et les prestations disponibles dans votre collectivité. ",https://www.ontario.ca/fr/page/trouver-le-gestionnaire-de-services-de-votre-region,Interne,le domicile et le logement ,Options de logement 
Services de soutien à domicile et en milieu communautaire,Contactez un fournisseur de soins local pour qu’il vous aide à obtenir et coordonner les soins et les soutiens de santé dont vous avez besoin à domicile. ,https://www.healthcareathome.ca/fr/soins-a-domicile/,Externe,le domicile et le logement ,Soutiens à domicile 
Société canadienne d’hypothèques et de logement : guide sur l’adaptation des logements,Renseignez-vous sur les types de difficultés que les aînés peuvent rencontrer chez eux et la manière de les surmonter. ,https://www.cmhc-schl.gc.ca/fr/professionnels/innovation-et-leadership-dans-le-secteur/expertise-de-lindustrie/logement-pour-aines/maintenir-lautonomie-des-aines-par-ladaptation-des-logements--guide-devaluation-pour-les-aines,Externe,le domicile et le logement ,Soutiens à domicile 
Allocation Canada-Ontario pour le logement ,Contactez le gestionnaire de services de votre région pour savoir si vous êtes admissible au versement de prestations mensuelles destinées à vous aider à payer votre loyer. ,https://www.ontario.ca/fr/page/trouver-le-gestionnaire-de-services-de-votre-region,Interne,le domicile et le logement ,Soutiens à domicile 
Suppléments au loyer et allocations de logement ,"Contactez le gestionnaire de services de votre région pour savoir si vous êtes admissible à une aide à la location, qui vous permettrait de payer une partie de votre loyer.  ",https://www.ontario.ca/fr/page/trouver-le-gestionnaire-de-services-de-votre-region,Interne,le domicile et le logement ,Soutiens à domicile 
Ontario Association of Residents’ Councils  (site en anglais seulement) ,Accédez à un réseau regroupant les conseils des résidents de tous les foyers de soins de longue durée de la province. Ces conseils réunissent des représentants de résidents qui parlent au nom de l’ensemble des résidents afin d’en défendre les intérêts. ,https://www.ontarc.com/,Externe,le domicile et le logement ,Soutiens à domicile 
Conseils des familles Ontario,"Découvrez comment cet organisme travaille main dans la main avec les familles, les conseils des familles et le personnel des foyers de soins de longue durée pour améliorer l’expérience des résidents.  ",https://fco.ngo/fr/,Externe,le domicile et le logement ,Soutiens à domicile 
Programme d’aide à la remise en état des logements ,Obtenez un financement en vue d’effectuer des réparations majeures dans un logement situé dans une réserve pour vous conformer aux normes minimales de salubrité et de sécurité. ,https://www.cmhc-schl.gc.ca/fr/professionnels/financement-de-projets-et-financement-hypothecaire/programmes-de-financement/toutes-les-opportunites-de-financement/programme-daide-a-la-remise-en-etat-des-logements-parel--ordinaire,Externe,le domicile et le logement ,Soutiens à domicile 
Programme d’aide à la vie autonome,Obtenez une aide non médicale et des services de soutien social si vous vivez dans une réserve et que vous avez une maladie chronique ou un handicap. ,https://www.sac-isc.gc.ca/fra/1100100035250/1533317440443,Externe,le domicile et le logement ,Soutiens à domicile 
Rénovations Ontario ,Contactez le gestionnaire de services de votre région pour connaître les prêts à remboursement conditionnel disponibles. Ces prêts vous aideront à effectuer les réparations nécessaires pour améliorer l’accessibilité de votre logement.  ,https://www.ontario.ca/fr/page/trouver-le-gestionnaire-de-services-de-votre-region,Interne,le domicile et le logement ,Aide et soutien d’ordre financier 
Exonération d’impôt foncier pour les personnes âgées ou handicapées,"Si vous possédez une propriété qui héberge des personnes handicapées ou âgées d’au moins 65 ans, vous pourriez bénéficier d’une exonération d’impôt sur une partie de cette propriété.  ",https://www.mpac.ca/fr/MakingChangesUpdates/ExemptionSeniorsandPersonsDisability,Externe,le domicile et le logement ,Aide et soutien d’ordre financier 
Allégement de l’impôt foncier  ,Contactez votre municipalité pour savoir si vous pouvez (à titre de personne âgée à revenu faible ou de personne handicapée) recevoir un soutien face aux augmentations de l’impôt foncier résultant d’une révision de l’évaluation foncière. ,https://www.ontario.ca/fr/page/liste-des-municipalites-de-lontario,Interne,le domicile et le logement ,Aide et soutien d’ordre financier 
Programme de report de l’impôt foncier provincial pour les personnes âgées à faible revenu et les personnes handicapées à faible revenu ,Découvrez comment obtenir un report partiel de l’impôt foncier provincial et de l’impôt scolaire. ,https://www.ontario.ca/fr/document/impot-foncier-provincial/programme-de-report-de-limpot-foncier-provincial-pour-les,Interne,le domicile et le logement ,Aide et soutien d’ordre financier 
Taux légal d’augmentation des loyers ,"Renseignez-vous sur les règles relatives au loyer, notamment le taux légal d’augmentation des loyers et le règlement des différends relatifs au contrôle des loyers. ",https://www.ontario.ca/fr/page/augmentations-loyer-residentielles,Interne,le domicile et le logement ,Relations entre locateurs et locataires 
Tribunaux décisionnels Ontario : Commission de la location immobilière,Renseignez-vous sur la commission qui règle les différends entre locateurs et locataires et qui les informent de leurs droits et de leurs responsabilités.  ,https://tribunalsontario.ca/cli/,Externe,le domicile et le logement ,Relations entre locateurs et locataires 
Loi de 2006 sur la location à usage d’habitation ,Découvrez la loi qui protège les locataires contre les augmentations de loyer et les expulsions illicites. Elle énonce également les droits et les responsabilités des locateurs et des locataires.  ,https://www.ontario.ca/fr/lois/loi/06r17,Interne,le domicile et le logement ,Relations entre locateurs et locataires 
Programmes des centres de vie active pour personnes âgées,"Utilisez notre carte pour trouver des programmes qui promeuvent le mieux-être, les rapports sociaux et l’apprentissage dans votre collectivité.  

Clubs et groupes 

Trouvez des activités sociales et des passe-temps dans votre collectivité par le biais d’organismes, tels que : 

YMCA 

Club Rotary 

Lions club 

Légion royale canadienne  ",https://www.ontario.ca/fr/page/trouvez-un-programme-dun-centre-de-vie-active-pour-personnes-agees-pres-de-chez-vous,Interne,les loisirs  ,Activités communautaires 
Association des centres pour aînés de l’Ontario  (site en anglais seulement) ,"Utilisez son localisateur cartographique pour trouver des programmes physiques, récréatifs et sociaux dans un centre près de chez vous. ",http://www.oacao.org/,Externe,les loisirs  ,Activités communautaires 
Seniors’ Centre Without Walls  (site en anglais seulement) ,Trouvez des activités collectives gratuites accessibles par téléphone qui s’adressent aux personnes âgées (d’au moins 50 ans) ou ayant un handicap qui les empêche de quitter leur domicile facilement.  ,http://www.oacao.org/programs/seniors-centre-without-walls/,Externe,les loisirs  ,Activités communautaires 
Programmes Découverte de Parcs Ontario,"Découvrez des programmes animés par du personnel, des activités autodirigées et des panneaux d’interprétation qui vous permettront d’explorer la nature. ",https://www.ontarioparks.com/discovery/fr,Externe,les loisirs  ,Activités communautaires 
FARFO : Fédération des aînés et des retraités francophones de l’Ontario,Bénéficiez de services en français pour personnes âgées ou retraitées (d’au moins 50 ans) notamment en matière de soins et de logement social.  ,https://farfo.ca/,Externe,les loisirs  ,Activités communautaires 
Conseil des arts de l’Ontario : artistes autochtones en milieu communautaire et scolaire – projets,"Présentez des demandes de subvention pour des projets visant à aider les artistes et les aînés autochtones à créer des expériences artistiques significatives, à organiser des ateliers dans les écoles et à transmettre un savoir et des compétences en matière d’art. ",https://www.arts.on.ca/programmes-de-subvention/artistes-autochtones-en-milieu-communautaire-et-sc?lang=fr-ca,Externe,les loisirs  ,Activités communautaires 
"Conseil des arts du Canada : programme Créer, connaître et partager","Présentez des demandes de subvention pour des artistes et des groupes d’artistes autochtones, des organismes artistiques dirigés par des autochtones et des organismes de soutien au développement artistique et culturel autochtone. ",https://conseildesarts.ca/financement/subventions/creer-connaitre-et-partager,Externe,les loisirs  ,Activités communautaires 
Egale  (site en anglais seulement) ,Trouvez des résultats de recherche et des webinaires sur des sujets liés à la communauté 2SLGBTQIA+ et renseignez-vous sur les efforts déployés par cet organisme au Canada pour en défendre la cause. ,https://egale.ca/,Externe,les loisirs  ,Activités communautaires 
The 519  (site en anglais seulement) ,Trouvez des programmes et des services pour personnes âgées 2SLGBTQIA+ dans ce centre de Toronto. ,https://www.the519.org/programs/category/older-2slgbtq/,Externe,les loisirs  ,Activités communautaires 
Senior Pride Network Toronto  (site en anglais seulement),Devenez membre gratuitement pour découvrir des programmes et des services pour personnes âgées 2SLGBTQIA+ d’au moins 50 ans à Toronto.  ,https://www.seniorpridenetwork.ca/,Externe,les loisirs  ,Activités communautaires 
Légion royale canadienne,"Utilisez son localisateur pour trouver une filiale de la Légion dans votre collectivité. La Légion parraine des programmes communautaires et apporte un soutien aux anciens combattants, à leurs personnes à charge et aux membres actifs des Forces canadiennes. ",https://www.legion.ca/fr/ce-que-nous-sommes,Externe,les loisirs  ,Activités communautaires 
Le Projet Mémoire,Découvrez comment réserver la visite d’orateurs ou assurer vous-même une intervention. Ce bureau organise la venue d’anciens combattants et de membres actifs des Forces armées canadiennes dans des écoles et à des événements communautaires à travers le pays afin qu’ils puissent partager leurs histoires en matière de service militaire.  ,https://www.leprojetmemoire.com/,Externe,les loisirs  ,Activités communautaires 
Bibliothèques publiques  (site en anglais seulement) ,"Trouvez des réunions, des webinaires et des discussions informelles sur divers sujets susceptibles de vous intéresser dans une bibliothèque près de chez vous. ",https://www.olservice.ca/,Externe,les loisirs  ,Activités communautaires 
211 Ontario,"Cherchez des programmes d’activités culturelles, récréatives et sociales près de chez vous. ",https://211ontario.ca/recherche/,Externe,les loisirs  ,Activités communautaires 
,"Astuces en matière d’exercice et de conditionnement physique  

L’activité physique joue un rôle important dans votre santé, votre bien-être et votre qualité de vie. Obtenez des astuces et des outils pour améliorer et préserver votre santé : 

Conseils pratiques pour les aînés (65 ans et plus)  

Directives canadiennes en matière de mouvement sur 24 h  

Physical Activity Toolkit: For Older Adults  (site en anglais seulement) 

Vieillir : bougez maintenant, pour un avenir en santé  

Portail sur le vieillissement optimal de McMaster : de l’information sur le vieillissement en santé 

Guide alimentaire canadien : une saine alimentation pour les aînés  

Initiative de promotion de l’exercice physique et de prévention des chutes 

Conseils bons pour le cerveau pour réduire votre risque de trouble neurocognitif  

Tout sur le sommeil : tout ce dont vous avez besoin afin de mieux comprendre le sommeil et son importance pour votre santé  

Une aventure sociale, c’est bon!  

Séparés, mais pas seuls : importance des liens sociaux à un âge avancé  

Une voix amicale  permet aux personnes âgées de discuter avec une personne sympathique et soucieuse de leur bien-être, sans attente ni jugement  

Trouvez des programmes d’exercice et d’activité près de chez vous : 

211ontario  

Programmes des centres de vie active pour personnes âgées ",,,les loisirs  ,Mener une vie active 
Ontario Seniors Games Association  (site en anglais seulement) ,"Si vous avez au moins 55 ans, cette association vous permettra de trouver un sport ou une activité dans le cadre desquels vous pourrez participer à des compétitions locales dans une atmosphère conviviale, avec la possibilité d’évoluer pour jouer à l’échelle provinciale et nationale. ",https://osga55plus.ca/,Externe,les loisirs  ,Mener une vie active 
Activités de Parcs Ontario,"Utilisez son localisateur de parcs pour trouver des activités locales (cyclisme, ornithologie et randonnée, par exemple).  ",https://www.ontarioparks.com/park-locator/fr,Externe,les loisirs  ,Mener une vie active 
Pêcher  ,"Découvrez ce que vous devez savoir avant d’aller pêcher. Si vous avez plus de 65 ans ou que vous avez un handicap, vous n’avez pas l’obligation de vous procurer une Carte Plein air ni un permis de pêche. ",https://www.ontario.ca/fr/page/pecher,Interne,les loisirs  ,Mener une vie active 
Chasser ,"Découvrez ce que vous devez savoir avant d’aller chasser en Ontario. Obtenez des renseignements notamment sur la procédure d’obtention d’un permis de chasse ou d’une Carte Plein air, le piégeage, la fauconnerie et le camping sur une terre de la Couronne. ",https://www.ontario.ca/fr/page/chasser,Interne,les loisirs  ,Mener une vie active 
Destination Ontario,Trouvez des ressources en matière de voyage ainsi que des endroits populaires et des activités à faire à travers l’Ontario. ,https://www.destinationontario.com/fr-ca,Externe,les loisirs  ,Voyager au Canada et à l’étranger 
Les voyageurs âgés,Trouvez des renseignements et des conseils utiles qui vous aideront à vous préparer en vue d’un voyage à l’extérieur du Canada.  ,https://voyage.gc.ca/voyager/sante-securite/voyageurs-ages?_ga=2.204004688.1395672629.1683544052-1677574397.1683544052,Externe,les loisirs  ,Voyager au Canada et à l’étranger 
Services couverts par l’Assurance-santé à l’étranger ,"Renseignez-vous sur les services couverts par l’Assurance-santé lorsque vous quittez le Canada de façon temporaire. 

Formulaire de demande de remboursement en cas de traitement hors de la province ou du pays 

Comment se faire rembourser des médicaments d’ordonnance pris en charge ",https://www.ontario.ca/fr/page/services-couverts-par-lassurance-sante-a-letranger,Interne,les loisirs  ,Voyager au Canada et à l’étranger 
Vivre ou voyager à l’étranger après la retraite,"Découvrez comment le temps que vous passez à l’extérieur du Canada peut avoir une incidence sur vos impôts, vos prestations et vos soins de santé. ",https://www.canada.ca/fr/agence-consommation-matiere-financiere/services/planification-retraite/voyager-etranger-retraite.html,Externe,les loisirs  ,Voyager au Canada et à l’étranger 
Faire du bénévolat en Ontario ,Trouvez des renseignements sur la façon de participer à des activités bénévoles. ,https://www.ontario.ca/fr/page/faire-du-benevolat-en-ontario,Interne,les loisirs  ,Bénévolat 
The Life Institute  (site en anglais seulement) ,"Trouvez un éventail de possibilités en matière de bénévolat : vous pourriez, par exemple, soit enseigner soit être hôtesse ou hôte de classe ou participer à la réalisation de tâches administratives, à la planification d’événements ou au travail d’un comité. ",https://thelifeinstitute.ca/page/volunteer,Externe,les loisirs  ,Bénévolat 
Fondation Trillium de l’Ontario,Faites du bénévolat en utilisant votre expertise et vos connaissances locales pour évaluer les demandes de subvention reçues par la fondation et recommander des projets appropriés en vue d’un financement. ,https://www.otf.ca/fr/qui-nous-sommes/benevolat,Externe,les loisirs  ,Bénévolat 
Croix-Rouge canadienne,"En tant que bénévole, vous pouvez apporter votre aide lors de situations d’urgence et de sinistres, siéger aux comités, appuyer le service à la clientèle ou encore aider aux tâches administratives. ",https://www.croixrouge.ca/benevolat?lang=fr-CA&_ga,Externe,les loisirs  ,Bénévolat 
Centraide,Utilisez votre expertise et vos connaissances locales pour contribuer à l’amélioration de votre collectivité dans le cadre d’un poste bénévole au sein d’un bureau près de chez vous. ,https://www.centraide.ca/how-we-help/find-your-uwc/,Externe,les loisirs  ,Bénévolat 
Bénévoles Canada,Consultez le répertoire de cet organisme pour trouver un centre d’action bénévole qui pourra vous renseigner sur les postes à pourvoir. ,https://volunteer.ca/Listings.php?ListType=VC_List_Public&MenuItemID=385&province=9&OrganizationName=&Action=Search&lang=fr,Externe,les loisirs  ,Bénévolat 
Brigade des bénévoles de l’Ontario,Inscrivez-vous comme bénévole dans la Brigade des bénévoles de l’Ontario pour venir en aide à votre collectivité en situation d’urgence. ,https://www.ontario.ca/fr/page/brigade-des-benevoles-de-lontario,Interne,les loisirs  ,Bénévolat 
Sa Majesté le Roi,Demandez des vœux pour une Canadienne ou un Canadien qui fête au moins ses 100 ans ou un couple qui fête au moins son 60e anniversaire de mariage ou d’union. ,https://www.gg.ca/fr/nous-joindre/voeux-anniversaire,Externe,les loisirs  ,Rendre hommage aux personnes âgées
Gouverneure générale ou gouverneur général ,Demandez des vœux pour une Canadienne ou un Canadien qui fête au moins ses 90 ans ou un couple qui fête au moins son 50e anniversaire de mariage ou d’union. ,https://www.gg.ca/fr/nous-joindre/voeux-anniversaire,Externe,les loisirs  ,Rendre hommage aux personnes âgées
Lieutenante-gouverneure ou lieutenant-gouverneur de l’Ontario,Demandez des vœux pour une Ontarienne ou un Ontarien qui fête au moins ses 90 ans ou un couple qui fête au moins son 50e anniversaire de mariage ou d’union. ,https://greetings.lgontario.ca/GreetingRequest.aspx,Externe,les loisirs  ,Rendre hommage aux personnes âgées
Première ou premier ministre du Canada,Demandez un certificat de félicitations (pouvant être délivré tous les 5 ans) pour une personne qui fête au moins ses 65 ans ou un couple qui fête au moins son 25e anniversaire de mariage ou d’union.  ,https://www.pm.gc.ca/fr/nous-joindre/felicitations,Externe,les loisirs  ,Rendre hommage aux personnes âgées
Première ou premier ministre de l’Ontario ,Demandez un certificat de félicitations pour une Ontarienne ou un Ontarien qui fête au moins ses 80 ans ou un couple qui fête au moins son 40e anniversaire de mariage ou d’union. ,https://www.certificates.premier.gov.on.ca/home,Externe,les loisirs  ,Rendre hommage aux personnes âgées
Députés et députés provinciaux,Contactez vos députés locaux directement pour connaître les types de vœux qu’ils adressent. ,https://www.noscommunes.ca/members/fr/search,Externe,les loisirs  ,Rendre hommage aux personnes âgées
Prix d’excellence pour les personnes âgées  ,"Découvrez comment nommer une personne âgée. Ce prix rend hommage aux personnes qui, après l’âge de 65 ans, apportent une contribution exceptionnelle à leur collectivité. Jusqu’à 20 personnes sont ainsi honorées chaque année. ",https://www.ontario.ca/fr/page/distinctions-et-prix-communaute#section-2,Interne,les loisirs  ,Rendre hommage aux personnes âgées
Prix de la personne âgée de l’année ,"Découvrez comment nommer une personne âgée. Ce prix est décerné par une municipalité pour rendre hommage à une personne âgée exceptionnelle qui, après l’âge de 65 ans, enrichit la vie sociale, culturelle ou citoyenne de sa collectivité. ",https://www.ontario.ca/fr/page/distinctions-et-prix-communaute#section-3,Interne,les loisirs  ,Rendre hommage aux personnes âgées
Mois des aînés  ,Renseignez-vous sur cette période spéciale pendant laquelle nous rendons hommage aux nombreuses contributions que les personnes âgées ont apportées à leurs collectivités dans l’ensemble de la province. Le Mois des aînés est célébré chaque année en juin. ,https://www.ontario.ca/fr/page/hommage-aux-personnes-agees-de-lontario,Interne,les loisirs  ,Rendre hommage aux personnes âgées
Journée internationale des personnes âgées des Nations Unies,Renseignez-vous sur ce jour spécial destiné à rendre hommage aux aînés qui ont aidé à bâtir notre pays et qui continuent à apporter une contribution précieuse à la société. Cette journée est célébrée chaque année le 1er octobre. ,https://www.un.org/fr/observances/older-persons-day,Externe,les loisirs  ,Rendre hommage aux personnes âgées
Donner une procuration ,Découvrez comment nommer une personne de confiance pour qu’elle prenne des décisions importantes concernant vos finances et les soins de santé à vous prodiguer en cas de besoin. ,https://www.ontario.ca/fr/page/donner-une-procuration,Interne,la sûreté et la sécurité,Besoins et services d’ordre juridique 
Barreau de l’Ontario,Trouvez soit une avocate ou un avocat soit une parajuriste autorisée ou un parajuriste autorisé pour déterminer vos droits et vos options. ,https://lso.ca/services-au-public/trouver-un-avocat-ou-un-parajuriste/service-de-reference-du-barreau?lang=fr-ca,Externe,la sûreté et la sécurité,Besoins et services d’ordre juridique 
Aide juridique Ontario ,"Aide juridique Ontario  

Disponible en fonction de votre situation financière, cette aide juridique vous permet de payer les frais de représentation d’une avocate ou d’un avocat dans le cadre d’une affaire juridique. ",https://www.legalaid.on.ca/fr/,Externe,la sûreté et la sécurité,Besoins et services d’ordre juridique 
ACE: Advocacy Centre for the Elderly (site en anglais seulement) ,"Si vous avez au moins 60 ans, accédez à des services juridiques dans la région du grand Toronto, et en dehors de Toronto si l’affaire en question est importante pour la communauté des aînés. ",https://www.acelaw.ca/,Externe,la sûreté et la sécurité,Besoins et services d’ordre juridique 
CLEO : Éducation juridique communautaire Ontario ,"Trouvez les renseignements nécessaires pour comprendre et exercer vos droits juridiques, notamment dans le domaine de la famille, du logement, de l’emploi et l’immigration. ",https://www.cleo.on.ca/fr,Externe,la sûreté et la sécurité,Besoins et services d’ordre juridique 
ARCH Disability Law Centre,Obtenez des conseils juridiques dans le domaine des droits des personnes handicapées. ,https://archdisabilitylaw.ca/fr/services-fr/,Externe,la sûreté et la sécurité,Besoins et services d’ordre juridique 
HALCO : HIV & AIDS Legal Clinic Ontario (site en anglais seulement) ,"Trouvez de nombreux services par le biais de cet organisme sans but lucratif, notamment une aide juridique gratuite si vous avez le VIH ou le sida.  ",https://www.halco.org/,Externe,la sûreté et la sécurité,Besoins et services d’ordre juridique 
Code des droits de la personne,"Découvrez comment ce code a été adopté pour interdire la discrimination fondée sur l’âge notamment dans les domaines de l’emploi, des services, des biens, des installations et des facilités de logement. ",https://www.ohrc.on.ca/fr/le-code-des-droits-de-la-personne-de-l%E2%80%99ontario,Externe,la sûreté et la sécurité,Besoins et services d’ordre juridique 
Bureau du tuteur et curateur public  ,"Découvrez comment le Bureau du tuteur et curateur public protège les intérêts juridiques, personnels et financiers de certains particuliers et de leur succession en Ontario. ",https://www.ontario.ca/fr/page/bureau-du-tuteur-et-curateur-public,Interne,la sûreté et la sécurité,Besoins et services d’ordre juridique 
,"Planification préalable des soins 

Ne tardez pas à prendre certaines décisions concernant les formalités de votre prise en charge si vous devenez incapable :  

Lisez la page Ce que tous les Canadiens âgés devraient savoir au sujet de la planification en cas d’éventuelle perte d’autonomie . 

Rendez-vous sur Advance Care Planning Ontario  (site en anglais seulement) pour trouver des outils utiles et vous renseigner sur le processus de planification préalable des soins. 

Contactez une Société Alzheimer locale pour savoir si elle propose des séminaires concernant la planification préalable des soins dans votre collectivité. 

Imprimez votre carte de portefeuille nommant votre mandataire spécial et complétez-la avec les renseignements importants en cas d’urgence. ",,,la sûreté et la sécurité,Planification préalable des soins 
Don d’organes et de tissus,Inscrivez votre consentement au don d’organes et de tissus pour aider les personnes en attente d’une greffe d’organe qui pourrait leur sauver la vie. ,https://soyezundonneur.ca/,Externe,la sûreté et la sécurité,Planification préalable des soins 
Protection du consommateur de l’Ontario  ,"Que ce soit avant, pendant ou après un achat, connaissez vos droits et obtenez les renseignements nécessaires pour vous protéger, notamment dans les cas suivants : 

Identification d’une arnaque ou d’une fraude 

Ventes à domicile et contrats d’entretien résidentiel 

Planification de funérailles et dispositions ",https://www.ontario.ca/fr/page/protection-du-consommateur-de-lontario,Interne,la sûreté et la sécurité,"Escroqueries, fraude et questions concernant les consommateurs "
Centre antifraude du Canada,Trouvez des renseignements sur l’impact des fraudes passées et courantes touchant la population canadienne. Vous pouvez également signaler une fraude ou un cybercrime. ,https://antifraudcentre-centreantifraude.ca/,Externe,la sûreté et la sécurité,"Escroqueries, fraude et questions concernant les consommateurs "
Commission des valeurs mobilières de l’Ontario,Protégez-vous contre la fraude. Cherchez une personne physique ou une société dans la base de données de la commission pour savoir si elle y est inscrite avant d’investir. ,https://www.osc.ca/fr/investisseurs/verifiez-avant-d-investir,Externe,la sûreté et la sécurité,"Escroqueries, fraude et questions concernant les consommateurs "
GérezMieuxVotreArgent.ca,Trouvez des outils impartiaux et indépendants qui vous aideront à prendre de meilleures décisions en matière de finances. ,https://www.gerezmieuxvotreargent.ca/,Externe,la sûreté et la sécurité,"Escroqueries, fraude et questions concernant les consommateurs "
Seniors Safety Line  (site en anglais seulement) ,"Si vous êtes une personne âgée et que vous êtes victime de mauvais traitements ou de négligence, parlez à une conseillère ou un conseiller pour obtenir un soutien affectif gratuit et confidentiel dans plus de 200 langues. Numéro sans frais : 1 866 299-1011. ",https://eapon.ca/seniors-safety-line/,Externe,la sûreté et la sécurité,Mauvais traitements à l’égard des personnes âgées
Information sur les mauvais traitements à l’égard des personnes âgées ,Informez-vous sur les types et les signes de mauvais traitements à l’égard des personnes âgées et sur ce qu’il faut faire si vous ou quelqu’un dans votre entourage en êtes victime. ,https://www.ontario.ca/fr/page/information-sur-les-mauvais-traitements-legard-des-personnes-agees,Interne,la sûreté et la sécurité,Mauvais traitements à l’égard des personnes âgées
Elder Abuse Prevention Ontario  (site en anglais seulement) ,Obtenez du soutien si vous êtes une personne âgée et que vous subissez des mauvais traitements ou trouvez simplement des renseignements et des webinaires sur le sujet.  ,https://eapon.ca/,Externe,la sûreté et la sécurité,Mauvais traitements à l’égard des personnes âgées
Action ontarienne contre la violence faite aux femmes  ,"Découvrez comment ce regroupement féministe et francophone d’organismes s’efforce de prévenir la violence faite aux femmes, fournit une formation continue à ses intervenantes et élabore des services ainsi que du matériel éducatif et de sensibilisation en français. ",https://actionontarienne.ca/,Externe,la sûreté et la sécurité,Mauvais traitements à l’égard des personnes âgées
,"9-1-1 

En cas d’urgence, composez le 9-1-1 pour entrer en communication avec la police, les pompiers ou les services ambulanciers. ",,,la sûreté et la sécurité,Préparation aux urgences 
Préparez-vous,"Découvrez les risques dans votre région, établissez un plan d’urgence pour votre domicile et préparez une trousse d’urgence. ",https://www.preparez-vous.gc.ca/index-fr.aspx,Externe,la sûreté et la sécurité,Préparation aux urgences 
En Alerte : système d’alerte d’urgence ,Vérifiez que votre téléphone peut recevoir des alertes importantes et susceptibles de sauver des vies. ,https://www.enalerte.ca/,Externe,la sûreté et la sécurité,Préparation aux urgences 
Gestion des situations d’urgence Ontario  ,Renseignez-vous sur la préparation de l’Ontario aux situations d’urgence ainsi que sur ses interventions et accédez à des ressources pour gérer ces situations et vous y préparer. ,https://www.ontario.ca/fr/page/gestion-des-situations-durgence,Interne,la sûreté et la sécurité,Préparation aux urgences 
Sécurité publique Canada,"Découvrez comment le gouvernement du Canada collabore avec d’autres ordres de gouvernement, des premiers intervenants, des groupes communautaires, le secteur privé et d’autres nations dans divers domaines, notamment la sécurité nationale, les stratégies frontalières, la lutte contre le crime, la gestion des urgences ainsi que d’autres initiatives en matière de sûreté et de sécurité. ",https://www.securitepublique.gc.ca/index-fr.aspx,Externe,la sûreté et la sécurité,Préparation aux urgences 
B.A.S.S.I.C. : calendrier Aînés en sécurité ,Téléchargez le calendrier Aînés en sécurité. Il vous donnera des astuces et des suggestions pour rester en sécurité et en mouvement à votre domicile et dans votre collectivité. ,https://www.bassic.ca/,Externe,la sûreté et la sécurité,Préparation aux urgences 
Prévention et protection contre les incendies ,"Découvrez comment protéger votre domicile, vos proches et vos biens contre les impacts du feu et trouvez les services de sécurité de votre collectivité. ",https://www.ontario.ca/fr/page/prevention-et-protection-contre-les-incendies,Interne,la sûreté et la sécurité,Préparation aux urgences 
