Resource title,Resource Description,Resource URL,Internal/External,Category,Sub Category,Keywords
Ontario Caregiving Helpline,"Browse for resources, information and support, including a 24/7 helpline. Call 1-833-416-2273 or connect to live chat online.",https://ontariocaregiver.ca/for-caregivers/,External,Caregiving,Support for caregivers,
Home and community care,Learn how to get help for your family members or patients who need support living at home.,https://www.ontario.ca/page/home-community-care,Internal,Caregiving,Support for caregivers,
Respite care,"Get help to take a break from caregiving. In your absence, a personal care worker or health care professional can provide services through OHIP.",https://www.ontario.ca/page/respite-care,Internal,Caregiving,Support for caregivers,Ontario Health Insurance Plan
Disability Tax Credit,Get a tax credit if you are supporting family members with severe or prolonged impairments.,https://www.canada.ca/en/revenue-agency/services/tax/individuals/segments/tax-credits-deductions-persons-disabilities/disability-tax-credit.html,External,Caregiving,Tax credits,
Medical Expense Tax Credit,"Get a tax credit if you are supporting family members and paid for medical supplies, dental care or travel expenses.",https://www.canada.ca/en/revenue-agency/services/tax/individuals/topics/about-your-tax-return/tax-return/completing-a-tax-return/deductions-credits-expenses/lines-33099-33199-eligible-medical-expenses-you-claim-on-your-tax-return.html,External,Caregiving,Tax credits,
Canada Caregiver Credit,"Get a non-refundable tax credit if you support a spouse or common-law partner, or a dependent with a physical or mental impairment.",https://www.canada.ca/en/revenue-agency/services/tax/individuals/topics/about-your-tax-return/tax-return/completing-a-tax-return/deductions-credits-expenses/canada-caregiver-amount.html,External,Caregiving,Tax credits,
Ontario Seniors Care at Home Tax Credit,"Find out if you are eligible for a tax credit to help low- to moderate-income seniors with eligible medical expenses, including expenses that support aging at home such as hearing aids, hospital beds and attendant care.",https://www.ontario.ca/page/ontario-seniors-care-home-tax-credit,Internal,Caregiving,Tax credits,"home care, caregiving, caregiver, in-home care"
Caregiving benefits,"If you must be away from your job to provide care or support to a seriously ill or injured family member with a significant risk of death, you might be entitled to this benefit.                                                                                                                                                                                    ",https://www.canada.ca/en/services/benefits/ei/caregiving.html,External,Caregiving,Employment benefits,
Family caregiver leave,"Get unpaid, job-protected leave of up to 8 weeks per calendar year so you can provide care or support to eligible family members or others.",https://www.ontario.ca/document/your-guide-employment-standards-act-0/family-caregiver-leave,Internal,Caregiving,Employment benefits,
Family medical leave,"Get unpaid, job-protected leave of up to 28 weeks in a 52-week period so you can provide care or support to eligible family members or others.",https://www.ontario.ca/document/your-guide-employment-standards-act-0/family-medical-leave,Internal,Caregiving,Employment benefits,
Canadian taxes and benefits,"Find Canadian tax credits, incentives and benefits that will help you with caring for others.",https://www.canada.ca/en/revenue-agency/services/tax/individuals/segments/tax-credits-deductions-persons-disabilities.html,External,Caregiving,Employment benefits,
Ontario taxes and benefits,"Find Ontario tax credits, incentives and benefits that will help you with caring for others.",https://www.ontario.ca/page/taxes-and-benefits,Internal,Caregiving,Employment benefits,
What to do when someone dies,"Find answers to common questions about what to do, and what support is available, when a loved one dies in Ontario. ",https://www.ontario.ca/page/what-do-when-someone-dies,Internal,Caregiving,End of life decisions,"death, dying, passed away"
Funerals and arrangements,"Learn about planning a funeral, burial, cremation or scattering, and what to do if you discover a burial site. ",https://www.ontario.ca/page/consumer-protection-when-planning-funeral-burial-cremation-or-scattering,Internal,Caregiving,End of life decisions,"dies, dying, passed away"
Last Post Fund,"Find out how eligible veterans can get funding for a dignified funeral and burial, and a military gravestone. ",https://www.lastpostfund.ca/,External,Caregiving,End of life decisions,"dies, dying, passed away"
"Bereavement Authority of 
Ontario","Know your options, rights and learn about funerals, burials, cremations and hydrolysis. ",https://thebao.ca/,External,Caregiving,End of life decisions,"dies, dying, passed away"
Bereaved Families of Ontario,"Find free individual and group grieving support programs, in both an open and closed setting if someone has died. ",https://bereavedfamilies.net/,External,Caregiving,End of life decisions,"dies, dying, passed away"
Death outside Canada,Find out what to do if a person dies in another country. ,https://travel.gc.ca/assistance/emergency-info/death-abroad,External,Caregiving,End of life decisions,"past away, passed away"
"Oversee the deceased's 
finances","If you are the executor of a deceased person’s estate, you will need to settle their tax accounts with the Canada Revenue Agency (CRA).",https://www.canada.ca/en/revenue-agency/services/tax/individuals/life-events/doing-taxes-someone-died.html,External,Caregiving,End of life decisions,"power of attorney, dies, dying, passed away"
Administrating estates,"Learn how someone’s assets and liabilities are handled after they die, including what happens if a person dies with or without a will. ",https://www.ontario.ca/page/administering-estates,Internal,Caregiving,End of life decisions,"death, dying, power of attorney, deceased, passed away"
Ontario death certificate,"When someone dies in Ontario, order and use this certificate to settle an estate, access benefits or cancel certain government services. ",https://www.ontario.ca/page/how-get-copy-ontario-death-certificate-online,Internal,Caregiving,End of life decisions,"dies, dying, passed away"
Home and Community Care Support Services,Find a local service provider to arrange transportation services for when you need help and/or if other options are not available. ,https://www.healthcareathome.ca/find-my-hccss/,External,Driving and transportation,Transportation services,
Northern Travel Health Grant,Apply for financial assistance if you live in Northern Ontario and must travel long distances to access medical specialist services. ,https://www.health.gov.on.ca/en/public/publications/ohip/northern.aspx,Internal,Driving and transportation,Transportation services,
GO Transit discount,Get a discount on your train or bus ride if you are 65 years or older. ,https://www.gotransit.com/en/travelling-on-go/seniors,External,Driving and transportation,Transportation services,
Non-insured health benefits for First Nations and Inuit ,Get health and medical transportation coverage.,https://www.sac-isc.gc.ca/eng/1572537161086/1572537234517,External,Driving and transportation,Transportation services,financial assistance
Volunteer Driver Services: Canadian Red Cross,Find volunteer driver services that may be available in your area through the Canadian Red Cross.,https://www.redcross.ca/in-your-community/ontario/ontario-find-a-branch,External,Driving and transportation,Transportation services,
Volunteer Driver Services: Royal Canadian Legion,Find volunteer driver services that may be available by your local Royal Canadian Legion branch.,https://www.legion.ca/contact-us/find-a-branch,External,Driving and transportation,Transportation services,
Volunteer Driver Services: Seniors Active Living Centre programs,Find volunteer driver services that may be available in your area through Seniors Active Living Centre programs.,https://www.ontario.ca/page/find-seniors-active-living-centre-program-near-you,Internal,Driving and transportation,Transportation services,
211 Ontario,"Search in your area for: 
  - public transportation 
  - bus and specialized transit services  
  - organizations that provide transportation services",https://211ontario.ca/?_gl=1%2A1rsprgh%2A_ga%2ANDc1MjE5OTMxLjE2MDgzMjUzMTY.%2A_ga_HLLEK4SB6V%2AMTY3MzU1MDMxOS41LjEuMTY3MzU1MTYwNy4wLjAuMA..,External,Driving and transportation,Transportation services,
Driver's Licence renewal,"If you are under 80, you need to renew your driver’s licence every 5 years. Learn how to renew. ",https://www.ontario.ca/page/renew-drivers-licence,Internal,Driving and transportation,Driver's licence renewal,drivers license
"Driver's licence renewal: 
80 years and over ","After you turn 80, you need to renew your driver’s licence every 2 years. Learn how to renew. ",https://www.ontario.ca/page/renew-g-drivers-licence-80-years-and-over,Internal,Driving and transportation,Driver's licence renewal,drivers license
DriveTest Centres,"Search for a centre near you and book your vision, written and road tests for all licence types.  ",https://drivetest.ca/,External,Driving and transportation,Driver's licence renewal,"drivers license, renew"
"ServiceOntario digital 
reminders ","Get free reminders to renew your driver’s licence, licence plate, health card, or Ontario Photo Card. Service available for email, text message or phone call. ",https://www.ontario.ca/page/get-serviceontario-renewal-reminders,Internal,Driving and transportation,Driver's licence renewal,"drivers license, renewal"
Accessible parking permit,"Learn how to apply for a new accessible parking permit, get a traveller’s permit, get a permit for your company, replace a lost or stolen permit, or change information on your permit. ",https://www.ontario.ca/page/get-accessible-parking-permit,Internal,Driving and transportation,Vehicle permit and plates,"renew, renewal"
Veteran licence plate,Learn about the veteran graphic on licence plates and get the form to apply for one. ,https://www.ontario.ca/page/personalized-licence-plate#section-5,Internal,Driving and transportation,Vehicle permit and plates,
"Used vehicle information 
package (UVIP)","Learn how to order a UVIP that contains a description of a vehicle and its Ontario history. If you are the seller, you are legally required to provide this package to a buyer when you sell a pre-owned vehicle. ",https://www.ontario.ca/page/used-vehicle-information-package,Internal,Driving and transportation,Buying or selling vehicles,
"Canada Safety Council: 
55 Alive Driver Refresher Course ","For older drivers, take this driving course to help you address age-related driving challenges, review driving rules and learn common causes of collisions. ",https://canadasafetycouncil.org/product/55-alive-driver-refresher-course/,External,Driving and transportation,Mature driver education,
"Canadian Automobile 
Association (CAA): 
Senior Drivers Toolkit  ","Read through the toolkit designed for seniors and their loved ones. It helps you assess fitness to drive, maintain driving confidence and modify driving habits, if needed. ",https://www.caa.ca/driving-safely/senior-drivers/,External,Driving and transportation,Mature driver education,
Employment Ontario,"Get help with upgrading your skills, finding a job, training and skills development. ",https://www.ontario.ca/page/employment-ontario,Internal,Employment and learning,Working in Ontario,
"Ontario Job Creation
Partnerships","Participate in projects to gain skills, get work experience and increase your chances of finding long-term employment. ",https://www.ontario.ca/page/ontario-job-creation-partnerships,Internal,Employment and learning,Working in Ontario,
Better Jobs Ontario,"Get skills training and financial support if one of the following applies to you: 
  - laid off and have not been working 
  - laid off and are working a temporary job just to cover costs 
  - unemployed for six months or longer and you are part of a low-income household ",https://www.ontario.ca/page/better-jobs-ontario,Internal,Employment and learning,Working in Ontario,financial assistance
"Work in your 
profession or trade",Learn how to continue working in your profession or trade if you’ve been trained in another country.,https://www.ontario.ca/page/work-your-profession-or-trade,Internal,Employment and learning,Working in Ontario,
Employment Standards Act (ESA) ,"Know your rights under the law on minimum wage, hours of work limits, termination of employment, severance pay, vacation and more. ",https://www.ontario.ca/document/your-guide-employment-standards-act-0,Internal,Employment and learning,Working in Ontario,
Continuing education,Find education programs and courses that align with your learning and skills development goals.,https://www.ontario.ca/page/go-college-or-university-ontario,Internal,Employment and learning,Lifelong learning,
"TVO: Independent 
Learning Centre","Find flexible, affordable online high school courses and the personal support you need to reach your learning goals.  ",https://www.ilc.org/,External,Employment and learning,Lifelong learning,
Lifelong Learning Plan,"Find out how to withdraw money from your RRSPs to help pay for full-time education for yourself, your spouse or common-law partner. ",https://www.canada.ca/en/revenue-agency/services/forms-publications/publications/rc4112/lifelong-learning-plan.html,External,Employment and learning,Lifelong learning,
"Third Age Network: 
An association of  
lifelong learning groups
 in Ontario ",Join or start a learning group for older adults. Meet new friends and learn in a friendly social setting.,https://thirdagenetwork.ca/,External,Employment and learning,Lifelong learning,
Computer training: public libraries,"Find computer training drop-ins or workshops, that will help you improve your technology and digital skills through your local public libraries.",https://www.ontario.ca/page/ontario-public-libraries#section-7 ,internal,Employment and learning,Lifelong learning,
Computer training: 211,"Search 211 for computer training, that will help you improve your technology and digital skills in your community.",https://211ontario.ca/?_gl=1%2A1rsprgh%2A_ga%2ANDc1MjE5OTMxLjE2MDgzMjUzMTY.%2A_ga_HLLEK4SB6V%2AMTY3MzU1MDMxOS41LjEuMTY3MzU1MTYwNy4wLjAuMA,External,Employment and learning,Lifelong learning,
Computer training: Seniors Active Living Centre program,Use our map to find computer training programs that may be available through Senior Active Living Centre programs near you.,https://www.ontario.ca/page/find-seniors-active-living-centre-program-near-you,internal,Employment and learning,Lifelong learning,
Ontario Arts Council,Learn what type of art grants are available to you and how to apply. ,https://www.arts.on.ca/,External,Employment and learning,Lifelong learning,
Get settled in Ontario,Everything you need to know about moving to and settling in Ontario.,https://www.ontario.ca/page/getting-settled-ontario ,Internal,Employment and learning,Services for newcomers,
Improve your English and French,"If you are an immigrant or refugee, you can take English and French language training classes. ",https://www.ontario.ca/page/improve-your-english-and-french,Internal,Employment and learning,Services for newcomers,
MOFIF (Mouvement Ontarien des Femmes Immigrantes Francophones) ,"Helps improves the lives for Francophone immigrant girls and women, and promotes integration and active participation in all areas of society.",http://mofif.ca/,External,Employment and learning,Services for newcomers,
Ontario Trillium Benefit,"Learn more about the tax-free payment that helps low-to moderate-income Ontario residents pay for energy costs, sales and property tax.",https://www.ontario.ca/page/ontario-trillium-benefit ,Internal,Finances,Tax credits,"caregiver, caregiving, home care, in-home care"
"Ontario Senior Homeowners’ Property Tax Grant, financial assistance","If you're a low-to-moderate income senior, you may be eligible for up to $500 back on your property taxes.",https://www.ontario.ca/page/senior-homeowners-property-tax-grant ,Internal,Finances,Tax credits,"caregiver, caregiving, home care, in-home care"
Ontario Seniors Care at Home Tax Credit,"Find out if you are eligible for a tax credit to help low- to moderate-income seniors with eligible medical expenses, including expenses that support aging at home such as hearing aids, hospital beds and attendant care.",https://www.ontario.ca/page/ontario-seniors-care-home-tax-credit ,Internal,Finances,Tax credits,"caregiver, caregiving, home care, in-home care"
Seniors Public Transit Tax Credit,"If you’re 65 years or older, find out if you could get a tax credit to help with public transit costs.",https://www.ontario.ca/page/ontario-seniors-public-transit-tax-credit ,Internal,Finances,Tax credits,community care
Low-Income Energy Assistance Program,"If you’re behind on your electricity or natural gas bill and face having your service disconnected, you may qualify for emergency financial help.",https://www.oeb.ca/consumer-information-and-protection/bill-assistance-programs/low-income-energy-assistance-program ,External,Finances,Tax credits,"caregiver, caregiving, home care, in-home care, financial assistance"
Ontario Electricity Support Program,"If you are a customer of an electricity utility and in a lower-income home, you may qualify for a reduction on your electricity bill.",https://ontarioelectricitysupport.ca/ ,External,Finances,Tax credits,"caregiver, caregiving, home care, in-home care, financial assistance"
Seniors' Home Safety Tax Credit,"If you are a senior or living with one, the Seniors’ Home Safety Tax Credit is a refundable personal income tax credit can help you make your home safer and more accessible, helping you stay in your home longer (available for the 2021 and 2022 tax years). ",https://www.ontario.ca/page/seniors-home-safety-tax-credit,Internal,Finances,Tax credits,
CRA: Canada Revenue Agency  ,"The CRA administers: 
  - tax laws for the Government of Canada and for most provinces and territories 
  - social and economic programs delivered through the tax system ",https://www.canada.ca/en/revenue-agency.html,External,Finances,Tax credits,
Taxpayer Bill of Rights,"Understand the treatment you are entitled to when you deal with the CRA. You have a right to be treated professionally,  courteously and fairly as a taxpayer.  ",https://www.canada.ca/en/revenue-agency/services/forms-publications/publications/rc17/taxpayer-bill-rights-guide-understanding-your-rights-a-taxpayer.html,External,Finances,Tax credits,
Old Age Security,Apply to receive a pension that provides monthly payments to eligible Canadians who are 65 years or older. ,https://www.canada.ca/en/services/benefits/publicpensions/cpp/old-age-security.html,External,Finances,Pensions and other benefits,
Guaranteed Income Supplement,"Learn about this income supplement for low-income seniors living in Canada who receive  Old Age Security pension. Enrolment is automatic, but in certain cases you may need to apply.",https://www.canada.ca/en/services/benefits/publicpensions/cpp/old-age-security/guaranteed-income-supplement.html,External,Finances,Pensions and other benefits,
Benefit for your spouse or common-law partner ,Learn about how spouses or common-law partners may qualify to receive the Guaranteed Income Supplement Allowance or Allowance for the Survivor.,https://www.canada.ca/en/services/benefits/publicpensions/cpp/old-age-security/guaranteed-income-supplement/allowance.html  ,External,Finances,Pensions and other benefits,
"Canada Pension Plan (CPP) 
retirement pension  ","Apply for a monthly, taxable benefit that replaces part of your income when you retire. If you are a CPP contributor and qualify, you’ll receive this pension for the rest of your life.  ",https://www.canada.ca/en/services/benefits/publicpensions/cpp.html,External,Finances,Pensions and other benefits,
Canadian Pension Plan (CPP) disability benefits,Apply for monthly benefits if you are a CPP contributor under the age of 65 and cannot work because of a disability. ,https://www.canada.ca/en/services/benefits/publicpensions/cpp/cpp-disability-benefit.html,External,Finances,Pensions and other benefits,
Canadian Pension Plan (CPP) survivor’s pension  ,Apply for a monthly payment paid to the legal spouse or common-law partner of the deceased CPP contributor.  ,https://www.canada.ca/en/services/benefits/publicpensions/cpp/cpp-survivor-pension.html,External,Finances,Pensions and other benefits,
Canadian Pension Plan (CPP) death benefit  ,"Apply for a one-time payment, payable to the estate or other eligible individuals, on behalf of a deceased CPP contributor.  ",https://www.canada.ca/en/services/benefits/publicpensions/cpp/cpp-death-benefit.html,External,Finances,Pensions and other benefits,"dies, dying, passed away"
Canadian Pension Plan (CPP) children’s benefit  ,Learn about a monthly benefit for dependent children under 25 years of a deceased CPP contributor. ,https://www.canada.ca/en/services/benefits/publicpensions/cpp/cpp-childrens-benefit.html,External,Finances,Pensions and other benefits,
Canadian Pension Plan (CPP) pension sharing  ,Learn how to share your pension with your legal spouse or common-law partner.  ,https://www.canada.ca/en/services/benefits/publicpensions/cpp/share-cpp.html,External,Finances,Pensions and other benefits,
International social security agreements and the Canadian Pension Plan (CPP),Get help with your business if you are an employer who sends employees abroad or if you are a self-employed worker who provides services abroad and you are a CPP contributor. ,https://www.canada.ca/en/revenue-agency/services/tax/canada-pension-plan-cpp-employment-insurance-ei-rulings/international-social-security-agreements-canada-pension-plan.html,External,Finances,Pensions and other benefits,
Employment Insurance benefits and leave ,"Find benefits and leave information if you are a worker, sick or providing care for a loved one. Learn how to apply and submit reports. ",https://www.canada.ca/en/services/benefits/ei.html,External,Finances,Pensions and other benefits,
Guaranteed Annual Income System (GAINS) ,Get monthly non-taxable payments if you are an eligible low-income senior. ,https://www.ontario.ca/page/guaranteed-annual-income-system-payments-seniors,Internal,Finances,Pensions and other benefits,financial assistance
Service Canada ,Find a wide range of government services and benefits that are available to you. ,https://www.canada.ca/en/employment-social-development/corporate/portfolio/service-canada.html,External,Finances,Pensions and other benefits,
About your taxes,Learn how the Canadian tax system works. ,https://www.canada.ca/en/revenue-agency/services/tax/individuals/educational-programs.html,External,Finances,File your taxes,
File your tax return ,Learn about filing your personal income tax and benefit return. You can prepare and file your tax return with the CRA.,https://www.ontario.ca/page/filing-your-tax-return,Internal,Finances,File your taxes,
Individual tax filing assistance ,You may qualify to get help to do your taxes over the phone with the CRA.,https://www.canada.ca/en/revenue-agency/services/tax/individuals/community-volunteer-income-tax-program/individual-tax-filing-assistance.html ,External,Finances,File your taxes,
GST/HST NETFILE,File your goods and services tax/ harmonized sales tax (GST/HST) returns and eligible rebates directly to the Canada Revenue Agency (CRA) online.,https://www.canada.ca/en/revenue-agency/services/e-services/e-services-businesses/gst-hst-netfile.html ,External,Finances,File your taxes,
Community Volunteer Income Tax Program,Find out what you need to get your taxes done at a free tax clinic and if you are eligible.,https://www.canada.ca/en/revenue-agency/services/tax/individuals/community-volunteer-income-tax-program.html ,External,Finances,File your taxes,
FP Canada,Search for a professional financial planner in your area or verify the certification status of a planner. ,https://www.fpcanada.ca/findaplanner,External,Finances,Financial Planning,
Registered Retirement Savings Plan (RRSP)  ,Learn how a savings plan you contribute to over the course of your working life can help you save for retirement. RRSPs also have special tax advantages and benefits that can help you before you retire. ,https://www.canada.ca/en/revenue-agency/services/tax/individuals/topics/rrsps-related-plans.html,External,Finances,Financial Planning,
Registered Retirement Income Fund (RRIF)  ,"Learn how an arrangement between you and a carrier (an insurance company, a trust company or a bank) may allow you to draw an income from your other investments and savings. ",https://www.canada.ca/en/revenue-agency/services/tax/individuals/topics/registered-retirement-income-fund-rrif.html,External,Finances,Financial Planning,
Tax-Free Savings Account (TFSA)  ,Learn about this type of bank account that allows you to set moneyaside tax-free throughout your lifetime.  ,https://www.canada.ca/en/revenue-agency/services/tax/individuals/topics/tax-free-savings-account.html,External,Finances,Financial Planning,
Lifelong Learning Plan,"Learn about this plan that allows you to take up to $10,000 in a calendar year from your RRSPs to pay for training or education for you or your spouse/common-law partner.  ",https://www.canada.ca/en/revenue-agency/services/tax/individuals/topics/rrsps-related-plans/lifelong-learning-plan.html,External,Finances,Financial Planning,
GetSmarterAboutMoney.ca   ,Get unbiased and independent financial tools to help you make better financial decisions. ,https://www.getsmarteraboutmoney.ca/,External,Finances,Financial Planning,
Social assistance,"Learn how to get financial and employment assistance if you don’t have enough money for things like food and housing, or if you have a disability and are in financial need. ",https://www.ontario.ca/page/social-assistance,Internal,Finances,Financial aid,financial assistance
"March of Dimes Canada: Home and Vehicle 
Modification Program  ",Get funding for basic home and/or vehicle modifications if you have mobility restrictions. ,https://www.marchofdimes.ca/en-ca/programs/am/hvmp/Pages/modchvmp.aspx,External,Finances,Financial aid,financial assistance
Medical Expense Tax Credit,Get a tax credit if you have sustained significant medical expenses for yourself or your dependents. ,https://www.canada.ca/en/revenue-agency/services/tax/technical-information/income-tax/income-tax-folios-index/series-1-individuals/folio-1-health-medical/income-tax-folio-s1-f1-c1-medical-expense-tax-credit.html,External,Finances,Financial aid,financial assistance
Veterans Affairs Canada,"Find specific services and benefits to improve your well-being if you are a current or former member of the CAF or RCMP, or a family member. ",https://www.veterans.gc.ca/,External,Finances,For Veterans,
Bureau of Pensions Advocates  ,Get free legal advice and representation to help you review or appeal a disability benefits decision made by Veterans Affairs Canada. ,https://www.veterans.gc.ca/eng/veterans-rights/how-to-appeal/bureau-pensions-advocates,External,Finances,For Veterans,
War Veterans Allowance  ,"Get a tax-free monthly benefit if you are a low-income war veteran, their dependent or survivor. ",https://www.veterans.gc.ca/eng/financial-support/income-support/war-veterans-allowance,External,Finances,For Veterans,
Soldiers’ Aid Commission of Ontario ,Learn about the commission and how it provides financial assistance to eligible veterans and their families in financial need. ,https://www.ontario.ca/page/soldiers-aid-commission,Internal,Finances,For Veterans,
Royal Canadian Legion: Benevolent Funds  ,"Learn how this fund provides emergency assistance for basic needs such as food, shelter and medical care for veterans, ex-service personnel and their dependents.  ",https://www.on.legion.ca/veterans-seniors/service-officers/benevolent-funds,External,Finances,For Veterans,
Health811,"Access health care 24/7 through phone, online chat or on the Health811 website.",https://health811.ontario.ca/static/guest/home,Internal,Health and well-being,Health care options,
Ontario Health Insurance Plan (OHIP) ,Find out what health care services are covered through OHIP.,https://www.ontario.ca/page/what-ohip-covers,Internal,Health and well-being,Health care options,
Apply for OHIP and get a health card,The Ontario Health Insurance Plan (OHIP) pays for many health services you may need. Learn how to apply for OHIP and get a health card.,https://www.ontario.ca/page/apply-ohip-and-get-health-card,Internal,Health and well-being,Health care options,
Check medication coverage,"Find out if your medication is covered through the Ontario Drug Benefit program.
",https://www.ontario.ca/check-medication-coverage/,Internal,Health and well-being,Health care options,financial assistance
Renew your health card,Learn how to renew an Ontario health card. You need a valid card to get coverage through the Ontario Health Insurance Plan (OHIP).,https://www.ontario.ca/page/health-card-renewal,Internal,Health and well-being,Health care options,renewal
Health coverage outside Ontario and for visitors,Learn about temporary health coverage and refund claims across Canada or outside of Canada.,https://www.ontario.ca/page/health-cards#section-1,Internal,Health and well-being,Health care options,
Public health units,"Learn how to get information from professionals on healthy lifestyles, including sexual health, vaccinations, addictions, and healthy growth and development. ",https://www.ontario.ca/page/public-health-units,Internal,Health and well-being,Health care options,
"Mental health and
addiction services","Find free, confidential support for depression, anxiety, addiction, gambling and other problems in your community. ",https://www.ontario.ca/page/mental-health-services,Internal,Health and well-being,Health care options,
"Services for Indigenous people 
and families","Find healing, health and wellness services. This includes counselling, advocacy, residential and day programs, referrals and translation services. ",https://www.ontario.ca/page/healing-health-and-wellness-services-indigenous-people-and-families,Internal,Health and well-being,Health care options,
Aboriginal Health Access Centres,"Find a list of centres. These are primary health care facilities for First Nations, Métis and Inuit communities.  ",https://www.allianceon.org/aboriginal-health-access-centres,External,Health and well-being,Health care options,
Provincial Geriatrics Leadership Ontario  ,"Find your local specialized geriatric services provider. These providers offer direct health care, build capacity and advocate for services for older adults. ",https://rgps.on.ca/regional-programs/,External,Health and well-being,Health care options,
Rainbow Health Ontario,Find a service provider and information on 2SLGBTQIA+ health and wellness. ,https://www.rainbowhealthontario.ca/,External,Health and well-being,Health care options,
211 Ontario,Search for health care options and support programs near you. ,https://211ontario.ca/search/,External,Health and well-being,Health care options,financial assistance
"Home and Community Care Support 
Services (HCCSS)  ",Find a local HCCSS provider to assess your needs and deliver in-home and community-based services to support your Health and well-being. ,https://www.healthcareathome.ca/getting-started/,External,Health and well-being,"Home and community
support services",
Find a health care provider with Health811,"Use our search tool to find doctors, nurse practitioners, specialists or health services for you and your family. ",https://health811.ontario.ca/static/guest/find-a-service,Internal,Health and well-being,"Home and community
support services",
Health Care Connect,Register for this service and have a nurse find a doctor or nurse practitioner.,https://hcc3.hcc.moh.gov.on.ca/HCCWeb/faces/layoutHCCHomePage.xhtml,External,Health and well-being,"Home and community
support services",
College of Physicians and Surgeons of Ontario,Search the online directory for registered doctors in Ontario to ask if they are accepting new patients.,http://www.cpso.on.ca/,External,Health and well-being,"Home and community
support services",
ConnexOntario counselling and referrals,"Get 24/7 counselling and referrals for mental health, drug and alcohol addiction, and problems with gambling.",https://www.connexontario.ca/en-ca/,External,Health and well-being,"Home and community
support services",
MedsCheck,Set up a free meeting with your pharmacist to make sure you are using your medications in a safe and proper way. ,https://www.ontario.ca/page/take-your-medication-safely,Internal,Health and well-being,"Home and community
support services",
Ontario Drug Benefit (ODB) Program ,Get help paying for prescription and treatment drugs.,https://www.ontario.ca/page/get-coverage-prescription-drugs,Internal,Health and well-being,"Home and community
support services",
Seniors Co-Payment Program  ,Learn about this program under the Ontario Drug Benefit program that helps you pay for prescription drugs. ,https://www.ontario.ca/page/get-coverage-prescription-drugs%22%20/l%20%22seniors,Internal,Health and well-being,"Home and community
support services",financial assistance
Trillium Drug Program,Get a reduction in what you pay if you have high prescription drug costs compared to your household income. ,https://www.ontario.ca/page/get-help-high-prescription-drug-costs,Internal,Health and well-being,"Home and community
support services",financial assistance
The Exceptional Access Program,"Get access to drugs not funded by the ODB program, or when no listed alternative is available.  ",https://www.health.gov.on.ca/en/pro/programs/drugs/eap_mn.aspx,Internal,Health and well-being,"Home and community
support services",
Non-insured health benefits for First Nations and Inuit  ,Get coverage for a range of health benefits that are not covered by other programs or insurance plans. ,https://www.sac-isc.gc.ca/eng/1572537161086/1572537234517,External,Health and well-being,"Home and community
support services",
Veterans Independence Program,"Get tax-free funding for professional health and support services, as well as home and personal care. ",https://www.veterans.gc.ca/eng/housing-and-home-life/help-at-home/veterans-independence-program,External,Health and well-being,"Home and community
support services",
Ontario Seniors Dental Care Program,"Access free, routine dental care if you are a low-income senior 65 years or older. ",https://www.ontario.ca/page/dental-care-low-income-seniors,Internal,Health and well-being,"Home and community
support services",financial assistance
Assistive Devices Program,"Get help paying for equipment and supplies for long-term physical disabilities, like wheelchairs and hearing aids. ",https://www.ontario.ca/page/assistive-devices-program,Internal,Health and well-being,"Home and community
support services","aid, diabetes, prosthetics, pumps, financial assistance"
Hearing Care Counselling Service,Get help coping with hearing loss if you’re a senior 55 years and over.,https://www.chs.ca/service/hearing-care-counselling-ages-55,External,Health and well-being,"Home and community
support services",
Ambulance services,"Learn about what OHIP covers if you need an ambulance for a medical emergency, depending on the circumstances. ",https://www.health.gov.on.ca/en/public/publications/ohip/amb.aspx,Internal,Health and well-being,"Home and community
support services",Ontario Health Insurance Plan
Northern Health Travel Grant,Apply for financial assistance if you live in Northern Ontario and must travel long distances to access medical specialist services. ,https://www.health.gov.on.ca/en/public/publications/ohip/northern.aspx,Internal,Health and well-being,"Home and community
support services",
Preventing and living with diabetes,Learn about living with diabetes if you have been diagnosed. ,https://www.ontario.ca/page/preventing-and-living-diabetes,Internal,Health and well-being,"Home and community
support services",
National Aboriginal Diabetes Program,Find programs and services that support and prevent diabetes in Indigenous communities. ,https://nada.ca/programs-and-projects/,External,Health and well-being,"Home and community
support services",
Colon cancer testing and prevention,"Information about colon cancer, including when you should get checked and tips to protect yourself. ",https://www.ontario.ca/page/colon-cancer-testing-and-prevention,Internal,Health and well-being,"Home and community
support services",
Bone mineral density (BMD) test  ,Learn who should take a BMD test and how it can tell if you have osteoporosis. ,https://osteoporosis.ca/bone-mineral-density-testing/,External,Health and well-being,"Home and community
support services",
Find mental health support,Learn about supports available to you and how to get help when you need it. ,https://www.ontario.ca/page/find-mental-health-support,Internal,Health and well-being,"Home and community
support services",
"Centre for Addiction and Mental Health 
(CAMH)  ",Find programs and services for seniors suffering from addiction or mental illness.  ,https://www.camh.ca/en/your-care/programs-and-services,External,Health and well-being,"Home and community
support services",
ConnexOntario,"Access free, 24/7, confidential health services and information if you are experiencing problems with mental health, addictions and gambling.  ",https://www.connexontario.ca/en-ca/,External,Health and well-being,"Home and community
support services",
"Substance use treatment centres for First 
Nations and Inuit ",Find Canadian treatment centres available for First Nations and Inuit individuals and families affected by substance abuse. ,https://www.sac-isc.gc.ca/eng/1576090254932/1576090371511#a5,External,Health and well-being,"Home and community
support services",
Support to quit smoking,"Find support, treatments and tips to help you stop smoking.  ",https://www.ontario.ca/page/support-quit-smoking,Internal,Health and well-being,"Home and community
support services",
Smoker's Helpline,"Find support to quit smoking and vaping online, by phone and in your community. ",https://csl.cancer.ca/smokershelpline/en,External,Health and well-being,"Home and community
support services",
Sexual Health Ontario,"Get information about sexual health, HIV/AIDS, hepatitis C and/or needle exchange services.   ",https://www.sexualhealthontario.ca/en/home,External,Health and well-being,"Home and community
support services",
Ontario AIDS Network,"Browse through a network of community-based organizations that provide HIV/AIDS education, outreach, prevention and programming.",https://ontarioaidsnetwork.ca/,External,Health and well-being,"Home and community
support services",
"The Canadian AIDS Treatment Information 
Exchange  ","Get unbiased knowledge, resources and expertise to reduce transmission and improve quality of life for people living with HIV or hepatitis C, at-risk communities, health care providers and organizations. ",https://www.catie.ca/,External,Health and well-being,"Home and community
support services",
The Ontario HIV Treatment Network  ,Learn how this organization works to improve the health and lives of people living with and at risk of HIV. ,https://www.ohtn.on.ca/,External,Health and well-being,"Home and community
support services",
Meals on wheels,"Delivers nutritious and affordable meals to a variety of groups, including: seniors, and people with physical disabilities and cognitive impairments.",https://www.mealsonwheels.ca/,External,Health and well-being,"Home and community
support services","home care, home support"
A Friendly Voice  ,"Is a free, confidential phone line for Ontarians 55+ who just want to chat with a friendly person. Call toll-free 1-855-892-9992.",https://afriendlyvoice.ca/,External,Health and well-being,"Home and community
support services",
The Friendly Calls Program  ,"Connect with Red Cross volunteers who provide supportive listening, social interaction and emotional support. ",https://www.redcross.ca/in-your-community/ontario/senior-support-services/friendly-calls-program,External,Health and well-being,"Home and community
support services",
Seniors Active Living Centre program,"Available across the province, these programs consist of social, cultural, learning and recreational activities that encourage community involvement and help seniors stay active, independent and engaged. Use our map to find a program near you. ",https://www.ontario.ca/page/find-seniors-active-living-centre-program-near-you,Internal,Health and well-being,"Home and community
support services","seniors centre, seniors center, senior center, senior centre"
Patient Ombudsman  ,Get help with a complaint involving a health sector organization. The ombudsman will investigate and facilitate a resolution without taking sides and make recommendations to improve future experiences. ,https://patientombudsman.ca/,External,Health and well-being,"Home and community
support services",
Vaccines and immunization,"Learn how and when to get vaccinated, a flu shot or immunized to protect yourself and others against preventable diseases, COVID-19 and serious illness.",https://www.ontario.ca/page/vaccines,Internal,Health and well-being,Vaccinations,
Safe and Found Program,Protect yourself or a loved one who has Alzheimer’s and other dementias by registering them with this identification program. ,https://www.medicalert.ca/safe-and-found,External,Health and well-being,Alzheimer’s disease and dementia ,"Alzheimer, memory care"
Finding Your Way,Learn how to recognize the risk of going missing and how to be prepared for incidents when someone has gone missing. ,https://www.findingyourwayontario.ca/,External,Health and well-being,Alzheimer’s disease and dementia ,"Alzheimer, Alzheimers, memory care"
Exercise and falls prevention programs,"Join free classes to help maintain balance and strength, and prevent falls. ",https://www.ontario.ca/page/exercise-and-falls-prevention-programs,Internal,Health and well-being,Prevent falls and injuries,
Osteoporosis Canada: exercise recommendation,Learn about muscle strengthening and balance training to help reduce falls and fractures for people living with osteoporosis.,https://osteoporosis.ca/exercise-recommendations/ ,External,Health and well-being,Prevent falls and injuries,
"Preventing slips, trips, and falls in the workplace","Learn about the steps you can take to minimize risk and prevent slips, trips and falls in your workplace.",https://www.ontario.ca/page/preventing-slips-trips-and-falls-workplace,Internal,Health and well-being,Prevent falls and injuries,
Safe Living Guide — A Guide to Home Safety for Seniors,"Get advice on how to prevent injuries by keeping your home, yourself and your environment as safe as you can. ",https://www.canada.ca/en/public-health/services/health-promotion/aging-seniors/publications/publications-general-public/safe-living-guide-a-guide-home-safety-seniors.html ,External,Health and well-being,Prevent falls and injuries,
You CAN Prevent Falls,Learn how to you can reduce your risk and prevent injury as you get older. ,https://www.canada.ca/en/public-health/services/health-promotion/aging-seniors/publications/publications-general-public/you-prevent-falls.html ,External,Health and well-being,Prevent falls and injuries,
Stair Safety at Home,Get tips on improving the safety of your stairs and how you use them.,https://www.canada.ca/en/public-health/services/health-promotion/aging-seniors/publications/publications-general-public/stair-safety.html ,External,Health and well-being,Prevent falls and injuries,
Find a registered dietitian with Health811,Find a registered dietitian who can provide free advice about food and healthy eating.  ,https://health811.ontario.ca/static/guest/find-a-service,Internal,Health and well-being,Nutrition,
"Canada’s Food Guide: Healthy eating
 for seniors ","Learn why healthy eating is important in staying healthy and strong, so you can maintain your independence and quality of life when you are a senior. ",https://food-guide.canada.ca/en/tips-for-healthy-eating/seniors/,External,Health and well-being,Nutrition,
Dietitians of Canada,Find resources and dietitians in your area that can help you make healthier food choices.,https://members.dietitians.ca/DCMember/s/find-dietitian?language=en_US&utm_campaign=Find%20a%20Dietitian&utm_medium=secondary%20navigation&utm_source=DC%20Website,External,Health and well-being,Nutrition,
Housing in Ontario,Learn about programs to help you have a safe and affordable place to call home. ,https://www.ontario.ca/page/housing-in-ontario,Internal,Home and housing,Housing options,"downsizing, find a place to live, moving, move"
Life lease housing,Read the guide to learn about life leases and to help decide if it is right for you or your loved ones. ,https://www.ontario.ca/document/life-lease-housing,Internal,Home and housing,Housing options,"downsizing, find a place to live, moving, move"
Retirement homes,"Learn about the service these homes provide if you or a loved one can live with little or no outside help. Get help with choosing a home, applying and costs. ",https://www.ontario.ca/page/find-retirement-home,Internal,Home and housing,Housing options,"downsizing, find a place to live, moving, move"
Long-term care homes,"Learn about the care these homes provide when independent living for you or a loved one is difficult. Get help with choosing a home, applying and what to expect when you move in. ",https://www.ontario.ca/page/long-term-care-ontario,Internal,Home and housing,Housing options,"downsizing, find a place to live, moving, move, long term"
Supportive housing,Learn the differences between supportive-housing options available to help you decide the right care for you or your loved one. ,https://www.ontario.ca/page/supportive-housing-options,Internal,Home and housing,Housing options,"downsizing, find a place to live, moving, move"
"Social (or community) 
housing ",Learn about government-assisted housing that provides lower cost rental units to households with low-to-moderate incomes. ,https://www.ontario.ca/page/housing-in-ontario#section-2,Internal,Home and housing,Housing options,"downsizing, find a place to live, moving, move, financial assistance"
Co-operative housing,"Learn about co-ops in your community and how to apply for membership if you want to live in affordable housing 
controlled by voting members. ",https://chfcanada.coop/about-co-op-housing/find-a-co-op/,External,Home and housing,Housing options,"downsizing, find a place to live, moving, move"
"Adult lifestyle 
communities",Contact your local real estate agent to learn about living in a retire or semi-retire community and the on-site recreational and activities they offer.,https://www.reco.on.ca/RegistrantSearch,External,Home and housing,Housing options,"downsizing, find a place to live, moving, move"
"Homelessness Prevention
Program","Learn about programs and strategies to prevent homelessness, and how to help people experiencing or at risk of homelessness. ",https://www.ontario.ca/page/addressing-homelessness,Internal,Home and housing,Housing options,"downsizing, find a place to live, moving, move"
Find your local service manager,"Contact your local service manager to find out what housing programs, rental assistance and benefits are available in your community. ",https://www.ontario.ca/page/find-your-local-service-manager,Internal,Home and housing,Housing options,"downsizing, find a place to live, moving, move,financial assistance"
"Home and community care
support services",Contact a local care provider to help you coordinate and get the right care and health supports you need at home. ,https://www.healthcareathome.ca/home-care/,External,Home and housing,Home supports,"home care, care at home, personal support worker, PSW"
"Canada Mortgage and 
Housing Corporation:
guide to home adaptations",Learn about the types of difficulties seniors can experience in the home and how to overcome these difficulties. ,https://www.cmhc-schl.gc.ca/en/professionals/industry-innovation-and-leadership/industry-expertise/senior-housing/maintaining-seniors-independence-through-home-adaptations-a,External,Home and housing,Home supports,
Canada-Ontario Housing Benefit,Contact your local service manager to find out if you are eligible to get monthly benefit payments to help you pay your rent. ,https://www.ontario.ca/page/find-your-local-service-manager,Internal,Home and housing,Home supports,
"Rent supplements and housing
allowances",Contact your local service manager to find out if you qualify for rental assistance to help you pay your rent.  ,https://www.ontario.ca/page/find-your-local-service-manager,Internal,Home and housing,Home supports,
"Ontario Association of Residents'
Councils",Find a network of Residents’ Councils across long-term care homes. Councils are a group of residents who speak on behalf of all residents to support their interests. ,https://www.ontarc.com/,External,Home and housing,Home supports,long term
Family Councils Ontario,"Learn how this organization works with families, family councils and long-term care home staff to improve the long-term care experience.  ",https://fco.ngo/,External,Home and housing,Home supports,
"Residential Rehabilitation
Assistance Program  ",Get funding for major repairs that are needed to bring on-reserve housing up to minimum health and safety standards. ,https://www.cmhc-schl.gc.ca/en/professionals/project-funding-and-mortgage-financing/funding-programs/all-funding-programs/residential-rehabilitation-assistance-program,External,Home and housing,Home supports,"renovations, renovate, financial assistance"
Assisted Living Program,Get non-medical support and social support services if you live on-reserve with a chronic illness or disability. ,https://www.sac-isc.gc.ca/eng/1100100035250/1533317440443,External,Home and housing,Home supports,"home care, care at home, aid, financial assistance"
Ontario Renovates,"Contact your local service manager to find out what forgivable loans are available. These loans help you make necessary
repairs to improve accessibility in your home.  ",https://www.ontario.ca/page/find-your-local-service-manager,Internal,Home and housing,Financial assistance and relief,renovations
"Exemption for seniors and people
with disabilities","If you own a property that houses people with disabilities or seniors 65 years or older, you may be eligible for a tax 
exemption for a portion of your property.  ",https://www.mpac.ca/en/MakingChangesUpdates/ExemptionSeniorsandPersonsDisability,External,Home and housing,Financial assistance and relief,
Property tax relief,Contact your local municipality to learn if you qualify (low-income seniors or person with disabilities) to receive relief from property tax increases that result from assessment reform. ,https://www.ontario.ca/page/list-ontario-municipalities,Internal,Home and housing,Financial assistance and relief,
"Provincial Land Tax Deferral 
Program for Low-Income Seniors and Low-Income Persons with Disabilities ",Learn how to get a partial deferral of provincial land tax and education tax. ,https://www.ontario.ca/document/provincial-land-tax/provincial-land-tax-deferral-program-low-income-seniors-and-low-income,Internal,Home and housing,Financial assistance and relief,
Rent increase deadlines,"Learn about the rules for rent, including rent increase guidelines and resolving issues about rent control. ",https://www.ontario.ca/page/residential-rent-increases,Internal,Home and housing,Landlord and tenant relations,
"Tribunals Ontario: Landlord
and Tenant Board  ",Learn about the board that resolves disputes between landlords and tenants and educates people about their rights and responsibilities.  ,https://tribunalsontario.ca/ltb/,External,Home and housing,Landlord and tenant relations,
"Residential Tenancies Act, 2006 ",Read about the act that provides protection for tenants from unlawful rent increases and unlawful evictions. It also sets out the rights and responsibilities of landlords and tenants.  ,https://www.ontario.ca/laws/statute/06r17,Internal,Home and housing,Landlord and tenant relations,
Seniors Active Living Centre program,"Available across the province, these programs consist of social, cultural, learning and recreational activities that encourage community involvement and help seniors stay active, independent and engaged. Use our map to find a program near you. ",https://www.ontario.ca/page/find-seniors-active-living-centre-program-near-you,Internal,Recreation,Community activities,"seniors centre, seniors center, senior center, senior centre"
YMCA,Find social activities and programs in your community through your local YMCA.,https://ymca.ca/Locations ,External,Recreation,Community activities,
Rotary Clubs,"Find a club that supports humanitarian services, goodwill and community activities.",https://my.rotary.org/en/club-search,External,Recreation,Community activities,
Lions Club,Find a club that promotes community activities and services through volunteering. ,https://www.lionsclubs.org/en/start-our-approach/club-locator ,External,Recreation,Community activities,
Royal Canadian Legion,Find a branch that support veterans and provides community service.,https://www.on.legion.ca/find-branch,External,Recreation,Community activities,
Older Adult Centres’ Association of Ontario,"Use the map locator to find physical, leisure and social programs at a centre near you.",https://www.oacao.org/,External,Recreation,Community activities,"seniors centre, seniors center, senior center, senior centre"
Seniors' Centre Without Walls,"Connect with free, over-the-phone group activities for older adults (aged 50 years or older) or if you have a disability that makes it difficult to leave your home. ",http://www.oacao.org/programs/seniors-centre-without-walls/,External,Recreation,Community activities,"seniors centre, seniors center, senior center, senior centre"
Discovery programs at Ontario Parks,"Learn about staff-led programs, self-led activities and interpretive displays available for you to explore nature.",https://www.ontarioparks.com/discovery,External,Recreation,Community activities,
"FARFO: Federation of 
Francophone Seniors and 
Retirees of Ontario (site in english only)","Get French-language services support for seniors and retirees (aged 50 years or older) related to care, social housing and more. ",https://farfo.ca/,External,Recreation,Community activities,
Ontario Arts Council: Indigenous Artists in Communities and Schools Projects,"Apply to grants for projects that support Indigenous artists and Elders to create meaningful arts experiences, teach workshops in schools, and transmit artistic skills and knowledge.",https://www.arts.on.ca/grants/indigenous-artists-in-communities-and-schools-proj,External,Recreation,Community activities,
"Canada Council for the Arts: Creating, knowing and sharing program ","Apply to grants for Indigenous individuals, groups, Indigenous-led arts organizations and arts/cultural sector development organizations.",https://canadacouncil.ca/funding/grants/creating-knowing-sharing,External,Recreation,Community activities,
Egale,Find research and webinars about 2SLGBTQIA+ topics and learn about the advocacy work this organization is doing in Canada.,https://egale.ca/,External,Recreation,Community activities,
The 519,Find programs and services for older 2SLGBTQIA+ adults at this centre in Toronto.,https://www.the519.org/programs/category/older-2slgbtq/,External,Recreation,Community activities,
Senior Pride Network Toronto,Become a member for free and get connected to programs and services in Toronto for 2SLGBTQIA+ individuals who are 50 years or older. ,https://www.seniorpridenetwork.ca/,External,Recreation,Community activities,
Royal Canadian Legion,"Use the branch locator to find a Legion in your community. The Legion sponsors community programs, and provides support to veterans, their dependents and those still serving in the Canadian Forces.",https://www.legion.ca/who-we-are,External,Recreation,Community activities,
The Memory Project ,Learn how to book or become a speaker. This bureau arranges for veterans and Canadian Forces members to share their stories of military service in schools and community events across Canada. ,https://www.thememoryproject.com/,External,Recreation,Community activities,
Public Libraries,"Find meetings, webinars and informal chats on various topics, that might interest you at a local library.",https://www.olservice.ca/,External,Recreation,Community activities,
211 Ontario,"Search for cultural, recreational and social activities programs near you.",https://211ontario.ca/search/,External,Recreation,Community activities,
Physical activity tips for older adults (65 years and older),Get tips that will help you improve and maintain your health by being physically active every day.,http://www.phac-aspc.gc.ca/hp-ps/hl-mvs/pa-ap/08paap-eng.php,External,Recreation,Active living,
Canadian 24-hour Movement Guidelines,"If you are 65 years or older, follow these guidelines that can help you stay strong, mentally fit and independent. ",https://www.participaction.com/en-ca/thought-leadership/benefits-and-guidelines/65,External,Recreation,Active living,memory care
Physical Activity Toolkit: For Older Adults ,The toolkit provide useful guidelines and resources on the role physical activity plays in prevention and management of chronic disease.,https://prismic-io.s3.amazonaws.com/participaction%2F84f1e964-a43c-419e-994b-57a63c3bf822_pa-seniors-toolkit-design-v03-eng-pa.pdf,External,Recreation,Active living,"arthritis, heart disease, diabetes"
Aging: Move more today for a healthier tomorrow,"Learn what you can do to stay strong, mentally fit and independent so you can thrive as you get older.",https://www.participaction.com/en-ca/everything-better/age-better,External,Recreation,Active living,memory care
McMaster Optimal Aging Portal,"The portal can help you source trusted healthy aging information for older adults, caregivers and health professionals.",https://www.mcmasteroptimalaging.org/,External,Recreation,Active living,"memory care, dementia"
Canada's food guide: Healthy eating for Seniors,"Learn why healthy eating is important in staying healthy and strong, so you can maintain your independence and quality of life when you are a senior. ",https://food-guide.canada.ca/en/tips-for-healthy-eating/seniors/,External,Recreation,Active living,memory care
Exercise and Falls Prevention Programs,"Join free classes to help maintain balance and strength, and prevent falls.",https://www.ontario.ca/page/exercise-and-falls-prevention-programs,Internal,Recreation,Active living,
Brain-healthy tips to reduce your risk of dementia,"Get evidence-based tips and strategies to help you lead a healthy, balanced lifestyle that reduces your risk of dementia.",https://alzheimer.ca/en/about-dementia/how-can-i-reduce-risk-dementia/brain-healthy-tips-reduce-your-risk-dementia,External,Recreation,Active living,memory care
All about sleep ,Find everything you need to better understand sleep and its importance for your health. ,https://sleeponitcanada.ca/all-about-sleep/,External,Recreation,Active living,memory care
Take a Social Adventure: It’s Good for You ,Learn about ways to stay socially connected through social adventures.,https://www.silvertimes.ca/home/mental-health,External,Recreation,Active living,
A Friendly Voice ,"Chat with a friendly person who cares, without expectations or judgment. It’s a free, confidential “warm line” for older Ontarians, 55+.",https://afriendlyvoice.ca/,External,Recreation,Active living,
211 Ontario,Search for exercise classes and programs near you.,http://211ontario.ca/,External,Recreation,Active living,
"Ontario Seniors Games
Association","If your 55 years and older, find a sport or activity to join for friendly local competitions, with the opportunity to progress to provincial and national competitions.",https://osga55plus.ca/,External,Recreation,Active living,
Activities at Ontario Parks,"Use the park locator to find local activities, such as biking, bird watching, hiking and more. ",https://www.ontarioparks.com/park-locator,External,Recreation,Active living,
Fishing,"Find out what you need to know before you go fishing. If you are over 65 years of age or have a disability, you are not required to obtain an Outdoors Card or licence to fish.",https://www.ontario.ca/page/fishing,Internal,Recreation,Active living,fishing license
Hunting,"What you need to know before hunting in Ontario. Including how to get a hunting licence or Outdoors Card, trapping, falconry and camping on Crown land.",https://www.ontario.ca/page/hunting,Internal,Recreation,Active living,
Destination Ontario,"Find travel resources, trending places and things to do across Ontario.",http://www.destinationontario.com/en-ca,External,Recreation,Travelling home and abroad,
Older travellers,Find useful information and advice to help you prepare for your trip outside Canada. ,https://travel.gc.ca/travelling/health-safety/older-travellers,External,Recreation,Travelling home and abroad,
OHIP coverage while outside Canada,Find out what OHIP covers when you are temporarily outside Canada.,https://www.ontario.ca/page/ohip-coverage-while-outside-canada,Internal,Recreation,Travelling home and abroad,Ontario Health Insurance Plan
Out of country medical expenses,"Complete, sign and submit the Out of Province/Country Claims form along with all the required information for out of country medical receipts.",https://forms.mgcs.gov.on.ca/dataset/014-0951-84  ,Internal,Recreation,Travelling home and abroad,
Refund for covered prescription drugs ,"If you paid for a covered drug, you could be eligible for a refund.",https://www.ontario.ca/page/get-coverage-prescription-drugs#section-7  ,Internal,Recreation,Travelling home and abroad,
Living or travelling abroad when you retire,"Learn how your taxes, benefits and medical care can be affected depending on the length of time you stay outside of Canada.",https://www.canada.ca/en/financial-consumer-agency/services/retirement-planning/travel-abroad-retire.html,External,Recreation,Travelling home and abroad,
Volunteering in Ontario,Find information on how to get involved and tips to get volunteer participation.,https://www.ontario.ca/page/volunteering-ontario,Internal,Recreation,Volunteering,
The Life Institute,"Find a range of volunteer opportunities, including teaching or becoming a class host, helping out with administrative work, event planning or working on a committee.",https://thelifeinstitute.ca/page/volunteer,External,Recreation,Volunteering,
Ontario Trillium Foundation,Volunteer by using your local knowledge and expertise to assess grant applications and recommend suitable projects for funding.,https://www.otf.ca/who-we-are/volunteering,External,Recreation,Volunteering,
Canadian Red Cross,"Volunteer to help during emergencies and disasters, sit on committees, or provide customer service and office support.",https://www.redcross.ca/volunteer,External,Recreation,Volunteering,
United Way,Use your local knowledge and expertise to help improve your community by volunteering at your local office.,https://www.unitedway.ca/how-we-help/find-your-uwc/,External,Recreation,Volunteering,
Volunteer Canada,Use the map directory to find a volunteer centre that will help you connect to volunteer opportunities.,https://volunteer.ca/Listings.php?ListType=VC_List_Public&MenuItemID=385&province=9&OrganizationName=&Action=Search,External,Recreation,Volunteering,
Volunteer Corps Ontario,Register to volunteer as part of Volunteer Corps Ontario to assist your community during an emergency.,https://www.ontario.ca/page/ontario-corps-volunteer-registration,Internal,Recreation,Volunteering,
His Majesty the King,"Request a birthday greeting for a Canadian who is 100 years of age or older, and couples celebrating an anniversary of 60 years or more.",https://www.gg.ca/en/contact-us/birthday-anniversary-greetings,External,Recreation,Recognize a senior ,
Governor General,"Request a birthday greeting for a Canadians who is 90 years of age or older, and couples celebrating an anniversary of 50 years or more.",https://www.gg.ca/en/contact-us/birthday-anniversary-greetings,External,Recreation,Recognize a senior ,
Lieutenant Governor of Ontario,"Request a birthday greeting for Ontarians 90 years or older, and couples celebrating anniversaries of 50 years or more.",https://greetings.lgontario.ca/GreetingRequest.aspx,External,Recreation,Recognize a senior ,
Prime Minister of Canada,"Request a congratulatory certificate (at five-year intervals) for someone celebrating a birthday of 65 years or older, and couples celebrating an anniversary of 25 years or more. ",https://www.pm.gc.ca/en/connect/greetings,External,Recreation,Recognize a senior ,
Premier of Ontario,"Order a congratulatory certificate for an Ontarian celebrating their birthday of 80 years or older, and couples celebrating an anniversary of 40 years or more.",https://correspondence.premier.gov.on.ca/en/certificates/default.aspx,Internal,Recreation,Recognize a senior ,
"Members of Provincial 
Parliament and Members of Provincial Parliament",Contact your local members directly to find out the types of greetings they provide.,https://www.ourcommons.ca/members/en/search,External,Recreation,Recognize a senior ,
Senior Achievement Award ,Learn how to nominate a senior. This award recognizes individuals for significant contributions to their communities after the age of 65. Up to 20 individuals are recognized each year.,https://www.ontario.ca/page/honours-and-awards-community#section-2,Internal,Recreation,Recognize a senior ,
Senior of the Year Award,"Learn how to nominate a senior. This award given by a municipality to recognize an outstanding senior who, after age 65, enriches the social, cultural or civic life of the community.
",https://www.ontario.ca/page/honours-and-awards-community#section-3,Internal,Recreation,Recognize a senior ,
Seniors Month,Read about this special time to recognize the many contributions seniors have made in communities across the province. Celebrated each year in June.,https://www.ontario.ca/page/celebrating-seniors-ontario,Internal,Recreation,Recognize a senior ,
United Nations International Day of Older Persons,Read about this special day to honour seniors who have helped build our country and continue to make valuable contributions to society. Celebrated each year on October 1.,https://www.un.org/en/observances/older-persons-day,External,Recreation,Recognize a senior ,
Make a power of attorney,Learn about appointing someone you trust to make important financial and health care decisions on your behalf. ,https://www.ontario.ca/page/make-power-attorney,Internal,Safety and security,Legal needs and services,wills
Law Society of Ontario,Connect to a lawyer or licensed paralegal to help you determine your rights and options. ,https://lso.ca/public-resources/finding-a-lawyer-or-paralegal/law-society-referral-service?lang=en-ca,External,Safety and security,Legal needs and services,power of attorney
Legal Aid Ontario,"If you qualify financially and have a legal issue, get help paying for a lawyer to represent you. ",https://www.legalaid.on.ca/,External,Safety and security,Legal needs and services,
ACE: Advocacy Centre for the Elderly  ,"If you’re 60 years and older, get help with legal services in the Greater Toronto Area, and outside of Toronto if the case is of significance to the seniors' community. ",https://www.acelaw.ca/,External,Safety and security,Legal needs and services,
"CLEO: Community Legal Education 
Ontario  ","Find information to understand and exercise your legal rights, including family law, housing law, employment law, immigration law and more. ",https://www.cleo.on.ca/en,External,Safety and security,Legal needs and services,
ARCH Disability Law Centre ,Get legal advice about disability rights law. ,https://archdisabilitylaw.ca/services/,External,Safety and security,Legal needs and services,
HALCO: HIV & AIDS Legal Clinic Ontario ,"Find a variety of services through this non-profit organization, including free legal assistance if you are living with or affected by HIV/AIDS.  ",https://www.halco.org/,External,Safety and security,Legal needs and services,
The Human Rights Code,"Learn how the Code was established to prohibit discrimination based on age in the areas of  employment, services, goods, facilities, housing accommodations and more. ",https://www.ohrc.on.ca/en/ontario-human-rights-code,External,Safety and security,Legal needs and services,
Office of the Public Guardian and Trustee,"Learn how the Office of the Public Guardian and Trustee safeguards the legal, personal and financial interests of specific Ontarians and their estates. ",https://www.ontario.ca/page/office-public-guardian-and-trustee,Internal,Safety and security,Legal needs and services,power of attorney
Planning for possible loss of independence,Make choices while you are competent about how you wish to be cared for in the future (if you become incapable).  ,https://www.canada.ca/en/employment-social-development/corporate/seniors/forum/independence-loss-planning.html,External,Safety and security,Advance care planning,
Advance Care Planning Ontario,Find helpful tools and learn about the process of advance care planning.,https://www.advancecareplanningontario.ca/ ,External,Safety and security,Advance care planning,
Advance care planning seminars,Contact your local Alzheimer's Society chapter to see if they offer advance care planning seminars in your community.,https://alzheimer.ca/en/help-support/find-your-areas-alzheimer-society ,External,Safety and security,Advance care planning,
Substitute decision-maker wallet card,Print and fill out your decision-maker card with important information in the event of an emergency where you might be incapable of making your own health care decisions.,https://files.ontario.ca/advancedcare.walletcard.pdf ,Internal,Safety and security,Advance care planning,
Organ and tissue donation,Register your consent for organ and tissue donation to help those waiting for a lifesaving organ transplant. ,https://beadonor.ca/,External,Safety and security,Advance care planning,
Consumer Protection Ontario,"Before, during or after you make a purchase, learn your rights and find the information you need to know to protect yourself.",https://www.ontario.ca/page/consumer-protection-ontario,Internal,Safety and security,"Scams, fraud and consumer issues ",
Canadian Anti-Fraud Centre,Find information on the impact of past and current scams affecting Canadians and report on fraud and cybercrimes. ,https://antifraudcentre-centreantifraude.ca/,External,Safety and security,"Scams, fraud and consumer issues ",
Ontario Securities Commission,Protect yourself from fraud. Search for an individual or company to find out if they are registered before you invest. ,https://www.osc.ca/en/investors/check-before-you-invest,External,Safety and security,"Scams, fraud and consumer issues ",
GetSmarterAboutMoney.ca  ,Get unbiased and independent financial tools to help you make better financial decisions. ,https://www.getsmarteraboutmoney.ca/,External,Safety and security,"scams, fraud and consumer issues ",
Seniors Safety Line,Talk to a counsellor for free and confidential emotional support if you are a senior experiencing abuse or neglect. Available in more than 200 languages. Toll-free: 1-866-299-1011. ,https://www.awhl.org/seniors,External,,Elder abuse,
Information about elder abuse,Learn more about the signs and types of elder abuse and what to do if you or someone you know is being abused. ,https://www.ontario.ca/page/information-about-elder-abuse,Internal,Safety and security,Elder abuse,
Elder Abuse Prevention Ontario,Get support if you’ve been affected by abuse. Find information and webinars about elder abuse.,https://eapon.ca/,External,Safety and security,Elder abuse,
Ontario Action Against Violence Against Women,"Learn how this Francophone feminist organization works to prevent violence against women, provides ongoing training for workers, develops French-language services and produces education and awareness materials in French. ",https://actionontarienne.ca//english/,External,Safety and security,Elder abuse,
Emergency assistance,"In any emergency, call 9-1-1. Connect to police, fire and ambulance assistance.",https://www.opp.ca/index.php?id=125&lng=en,External,Safety and security,Prepare for emergencies,
Get Prepared,"Learn how about the risks in your area, how create a household emergency plan and build an emergency kit. ",https://www.getprepared.gc.ca/index-en.aspx,External,Safety and security,Prepare for emergencies,
Alert Ready: Emergency Alert System ,Find out if your phone is compatible with receiving critical and potentially life-saving alerts. ,https://www.alertready.ca/,Internal,Safety and security,Prepare for emergencies,
Emergency Management Ontario,"Learn how Ontario prepares for, and responds to, emergencies. Access resources to support emergency management and preparedness. ",https://www.ontario.ca/page/emergency-management,Internal,Safety and security,Prepare for emergencies,
Public Safety Canada,"Learn how the Government of Canada works with other levels of government, first responders, community groups, the private sector and other nations on national security, border strategies, countering crime and emergency management issues and other Safety and security initiatives. ",https://www.publicsafety.gc.ca/index-en.aspx,External,Safety and security,Prepare for emergencies,
BASSIC: Safe Seniors Calendar ,Download the annual Safe Seniors Calendar. It gives you tips and suggestions to help you stay safe and active in your home and community. ,https://www.bassic.ca/,External,Safety and security,Prepare for emergencies,
Fire prevention and protection ,"Learn how to protect your home, loved ones and property from the impacts of fire and find safety services in your community. ",https://www.ontario.ca/page/fire-prevention-and-protection,Internal,Safety and security,Prepare for emergencies,
